gbifID	datasetKey	occurrenceID	kingdom	phylum	class	order	family	genus	species	infraspecificEpithet	taxonRank	scientificName	verbatimScientificName	verbatimScientificNameAuthorship	countryCode	locality	stateProvince	occurrenceStatus	individualCount	publishingOrgKey	decimalLatitude	decimalLongitude	coordinateUncertaintyInMeters	coordinatePrecision	elevation	elevationAccuracy	depth	depthAccuracy	eventDate	day	month	year	taxonKey	speciesKey	basisOfRecord	institutionCode	collectionCode	catalogNumber	recordNumber	identifiedBy	dateIdentified	license	rightsHolder	recordedBy	typeStatus	establishmentMeans	lastInterpreted	mediaType	issue
2423004790	50c9509d-22c7-4a22-a47d-8c48425ef4a7	https://www.inaturalist.org/observations/32478397	Animalia	Arthropoda	Insecta	Odonata	Libellulidae	Tramea	Tramea lacerata		SPECIES	Tramea lacerata Hagen, 1861	Tramea lacerata		US		California			28eb1a3f-1c15-4a95-931a-4af90ecb574d	37.36422	-120.424003	12.0						2019-09-10T08:39:35Z	10	9	2019	1428475	1428475	HUMAN_OBSERVATION	iNaturalist	Observations	32478397			2019-09-23T17:50:55Z	CC_BY_NC_4_0	lunasare	lunasare			2019-10-01T08:01:26.785Z	STILLIMAGE	GEODETIC_DATUM_ASSUMED_WGS84;COORDINATE_ROUNDED
2397560940	50c9509d-22c7-4a22-a47d-8c48425ef4a7	https://www.inaturalist.org/observations/31516078	Animalia	Arthropoda	Insecta	Hymenoptera	Cynipidae	Andricus	Andricus kingi		SPECIES	Andricus kingi Bassett, 1900	Andricus kingi		US		California			28eb1a3f-1c15-4a95-931a-4af90ecb574d	37.365097	-120.425788	5.0						2019-08-25T11:52:05Z	25	8	2019	1309594	1309594	HUMAN_OBSERVATION	iNaturalist	Observations	31516078			2019-08-26T00:25:01Z	CC_BY_NC_4_0	Enrique	Enrique			2019-09-20T15:55:58.017Z	STILLIMAGE	GEODETIC_DATUM_ASSUMED_WGS84;COORDINATE_ROUNDED
2308501445	ad43e954-dd79-4986-ae34-9ccdbd8bf568	KX882090	Animalia	Arthropoda	Branchiopoda	Anostraca	Branchinectidae	Branchinecta	Branchinecta lynchi		SPECIES	Branchinecta lynchi Eng, Belk & Eriksen, 1990	Branchinecta lynchi		US	USA				ada9d123-ddb4-467d-8891-806ea8d94230	37.37	-120.42							1999-02-26T00:00:00Z	26	2	1999	2235372	2235372	PRESERVED_SPECIMEN							CC_BY_4_0		US Fish and Wildlife Service			2019-09-20T16:14:30.573Z		COUNTRY_DERIVED_FROM_COORDINATES;GEODETIC_DATUM_ASSUMED_WGS84
2308377953	ad43e954-dd79-4986-ae34-9ccdbd8bf568	KX882091	Animalia	Arthropoda	Branchiopoda	Anostraca	Branchinectidae	Branchinecta	Branchinecta lynchi		SPECIES	Branchinecta lynchi Eng, Belk & Eriksen, 1990	Branchinecta lynchi		US	USA				ada9d123-ddb4-467d-8891-806ea8d94230	37.37	-120.42							1999-02-26T00:00:00Z	26	2	1999	2235372	2235372	PRESERVED_SPECIMEN							CC_BY_4_0		US Fish and Wildlife Service			2019-09-20T16:14:30.575Z		COUNTRY_DERIVED_FROM_COORDINATES;GEODETIC_DATUM_ASSUMED_WGS84
2273275977	50c9509d-22c7-4a22-a47d-8c48425ef4a7	https://www.inaturalist.org/observations/27569741	Animalia	Arthropoda	Insecta	Odonata	Calopterygidae	Hetaerina	Hetaerina americana		SPECIES	Hetaerina americana Fabricius, 1798	Hetaerina americana		US		California			28eb1a3f-1c15-4a95-931a-4af90ecb574d	37.370421	-120.404691	28417.0						2019-06-11T12:57:00Z	11	6	2019	1427142	1427142	HUMAN_OBSERVATION	iNaturalist	Observations	27569741			2019-06-24T14:48:35Z	CC_BY_NC_4_0	Zach Cava	Zach Cava			2019-09-20T19:12:11.864Z	STILLIMAGE	GEODETIC_DATUM_ASSUMED_WGS84;COORDINATE_ROUNDED
2273200107	50c9509d-22c7-4a22-a47d-8c48425ef4a7	https://www.inaturalist.org/observations/21888086	Animalia	Chordata	Aves	Passeriformes	Icteridae	Quiscalus	Quiscalus mexicanus		SPECIES	Quiscalus mexicanus (Gmelin, 1788)	Quiscalus mexicanus		US		California			28eb1a3f-1c15-4a95-931a-4af90ecb574d	37.36368	-120.426658	6.0						2019-04-01T14:58:58Z	1	4	2019	9476062	9476062	HUMAN_OBSERVATION	iNaturalist	Observations	21888086			2019-04-01T22:03:32Z	CC_BY_NC_4_0	victoriaelizr	victoriaelizr			2019-09-21T02:35:34.469Z	STILLIMAGE	GEODETIC_DATUM_ASSUMED_WGS84;COORDINATE_ROUNDED
2251977254	50c9509d-22c7-4a22-a47d-8c48425ef4a7	https://www.inaturalist.org/observations/26083803	Animalia	Chordata	Aves	Passeriformes	Tyrannidae	Sayornis	Sayornis nigricans		SPECIES	Sayornis nigricans (Swainson, 1827)	Sayornis nigricans		US		California			28eb1a3f-1c15-4a95-931a-4af90ecb574d	37.365717	-120.422983							2019-05-23T10:45:31Z	23	5	2019	2483612	2483612	HUMAN_OBSERVATION	iNaturalist	Observations	26083803			2019-05-30T22:41:23Z	CC_BY_NC_4_0	fcannizzo2	fcannizzo2			2019-09-21T02:28:53.298Z	STILLIMAGE	GEODETIC_DATUM_ASSUMED_WGS84;COORDINATE_ROUNDED
2249931015	040c5662-da76-4782-a48e-cdea1892d14c	http://bins.boldsystems.org/index.php/Public_RecordView?processid=GBMIN135349-18	Animalia	Arthropoda	Branchiopoda	Anostraca	Branchinectidae	Branchinecta	Branchinecta lynchi		SPECIES	Branchinecta lynchi Eng, Belk & Eriksen, 1990	Branchinecta lynchi		US					b3bf3a83-1f68-4541-a03f-330d30d567f5	37.37	-120.42											2235372	2235372	UNKNOWN			RW14.101				CC_BY_4_0	Barcode of Life Datasystems				2019-10-01T13:35:31.924Z		GEODETIC_DATUM_ASSUMED_WGS84
2249930847	040c5662-da76-4782-a48e-cdea1892d14c	http://bins.boldsystems.org/index.php/Public_RecordView?processid=GBMIN135345-18	Animalia	Arthropoda	Branchiopoda	Anostraca	Branchinectidae	Branchinecta	Branchinecta lynchi		SPECIES	Branchinecta lynchi Eng, Belk & Eriksen, 1990	Branchinecta lynchi		US					b3bf3a83-1f68-4541-a03f-330d30d567f5	37.37	-120.42											2235372	2235372	UNKNOWN			RW14.102				CC_BY_4_0	Barcode of Life Datasystems				2019-10-01T13:35:31.476Z		GEODETIC_DATUM_ASSUMED_WGS84
2249086539	040c5662-da76-4782-a48e-cdea1892d14c	http://bins.boldsystems.org/index.php/Public_RecordView?processid=DISA734-19	Animalia	Arthropoda	Branchiopoda	Anostraca	Branchinectidae	Branchinecta	Branchinecta lynchi		SPECIES	Branchinecta lynchi Eng, Belk & Eriksen, 1990	Branchinecta lynchi		US	USA, California, Merced County, Merced University				b3bf3a83-1f68-4541-a03f-330d30d567f5	37.37	-120.42							1999-02-26T00:00:00Z	26	2	1999	2235372	2235372	UNKNOWN			LACM:DISCO:5818		DISCO MBC LACM		CC_BY_4_0	Barcode of Life Datasystems	US Fish and Wildlife Service (SG)			2019-09-20T16:14:30.569Z		GEODETIC_DATUM_ASSUMED_WGS84
2249086234	040c5662-da76-4782-a48e-cdea1892d14c	http://bins.boldsystems.org/index.php/Public_RecordView?processid=DISA735-19	Animalia	Arthropoda	Branchiopoda	Anostraca	Branchinectidae	Branchinecta	Branchinecta lynchi		SPECIES	Branchinecta lynchi Eng, Belk & Eriksen, 1990	Branchinecta lynchi		US	USA, California, Merced County, Merced University				b3bf3a83-1f68-4541-a03f-330d30d567f5	37.37	-120.42							1999-02-26T00:00:00Z	26	2	1999	2235372	2235372	UNKNOWN			LACM:DISCO:5819		DISCO MBC LACM		CC_BY_4_0	Barcode of Life Datasystems	US Fish and Wildlife Service (MG)			2019-09-20T16:14:30.569Z		GEODETIC_DATUM_ASSUMED_WGS84
2242880368	50c9509d-22c7-4a22-a47d-8c48425ef4a7	https://www.inaturalist.org/observations/24707949	Animalia	Chordata	Aves	Passeriformes	Icteridae	Quiscalus	Quiscalus mexicanus		SPECIES	Quiscalus mexicanus (Gmelin, 1788)	Quiscalus mexicanus		US		California			28eb1a3f-1c15-4a95-931a-4af90ecb574d	37.363941	-120.425705	38.0						2019-05-06T19:25:31Z	6	5	2019	9476062	9476062	HUMAN_OBSERVATION	iNaturalist	Observations	24707949			2019-05-07T02:28:27Z	CC_BY_NC_4_0	westernpsychopomp42	westernpsychopomp42			2019-09-21T00:34:29.323Z	STILLIMAGE	GEODETIC_DATUM_ASSUMED_WGS84;COORDINATE_ROUNDED
2236828457	50c9509d-22c7-4a22-a47d-8c48425ef4a7	https://www.inaturalist.org/observations/19851332	Animalia	Chordata	Aves	Anseriformes	Anatidae	Branta	Branta canadensis		SPECIES	Branta canadensis (Linnaeus, 1758)	Branta canadensis		US		California			28eb1a3f-1c15-4a95-931a-4af90ecb574d	37.376766	-120.415261	5.0						2019-01-24T15:58:30Z	24	1	2019	5232437	5232437	HUMAN_OBSERVATION	iNaturalist	Observations	19851332			2019-01-24T23:58:49Z	CC_BY_NC_4_0	Brook	Brook			2019-09-20T16:17:13.887Z	STILLIMAGE	GEODETIC_DATUM_ASSUMED_WGS84;COORDINATE_ROUNDED
2236220324	50c9509d-22c7-4a22-a47d-8c48425ef4a7	https://www.inaturalist.org/observations/22054431	Animalia	Arthropoda	Branchiopoda	Diplostraca	Cyzicidae	Cyzicus	Cyzicus californicus		SPECIES	Cyzicus californicus (Packard, 1883)	Cyzicus californicus		US		California			28eb1a3f-1c15-4a95-931a-4af90ecb574d	37.38427	-120.41752	11.0						2019-04-05T11:27:46Z	5	4	2019	2234631	2234631	HUMAN_OBSERVATION	iNaturalist	Observations	22054431			2019-04-05T21:20:46Z	CC_BY_NC_4_0	cayleyharper	cayleyharper			2019-09-20T19:22:53.263Z	STILLIMAGE	GEODETIC_DATUM_ASSUMED_WGS84
2236219311	50c9509d-22c7-4a22-a47d-8c48425ef4a7	https://www.inaturalist.org/observations/22054186	Animalia	Chordata	Amphibia	Anura	Hylidae	Pseudacris	Pseudacris sierra		SPECIES	Pseudacris sierra (Jameson, Mackey & Richmond, 1966)	Pseudacris sierra		US		California			28eb1a3f-1c15-4a95-931a-4af90ecb574d	37.384328	-120.417433	5554.0						2019-04-05T11:16:11Z	5	4	2019	2428151	2428151	HUMAN_OBSERVATION	iNaturalist	Observations	22054186			2019-04-05T21:19:35Z	CC_BY_NC_4_0	cayleyharper	cayleyharper			2019-09-20T22:38:56.035Z	STILLIMAGE	GEODETIC_DATUM_ASSUMED_WGS84;COORDINATE_ROUNDED
2235559861	50c9509d-22c7-4a22-a47d-8c48425ef4a7	http://www.inaturalist.org/observations/2937612	Animalia	Arthropoda	Insecta	Diptera	Scathophagidae	Scathophaga	Scathophaga stercoraria		SPECIES	Scathophaga stercoraria (Linnaeus, 1758)	Scathophaga stercoraria		US		California			28eb1a3f-1c15-4a95-931a-4af90ecb574d	37.367274	-120.423506	10.0						2016-04-14T19:39:09Z	14	4	2016	1556243	1556243	HUMAN_OBSERVATION	iNaturalist	Observations	2937612				CC_BY_NC_4_0	stefwedde	stefwedde			2019-09-20T23:03:41.164Z		GEODETIC_DATUM_ASSUMED_WGS84;COORDINATE_ROUNDED
2234786854	50c9509d-22c7-4a22-a47d-8c48425ef4a7	https://www.inaturalist.org/observations/21619873	Animalia	Arthropoda	Insecta	Odonata	Coenagrionidae	Ischnura	Ischnura cervula		SPECIES	Ischnura cervula Selys, 1876	Ischnura cervula		US		California			28eb1a3f-1c15-4a95-931a-4af90ecb574d	37.367313	-120.418092	5.0						2019-03-25T16:39:04Z	25	3	2019	1423285	1423285	HUMAN_OBSERVATION	iNaturalist	Observations	21619873			2019-03-26T03:16:22Z	CC_BY_NC_4_0	samarda	samarda			2019-09-20T20:17:04.365Z	STILLIMAGE	GEODETIC_DATUM_ASSUMED_WGS84;COORDINATE_ROUNDED
2233230169	4fa7b334-ce0d-4e88-aaae-2e0c138d049e	URN:catalog:CLO:EBIRD:OBS691843256	Animalia	Chordata	Aves	Passeriformes	Emberizidae	Passerculus	Passerculus sandwichensis		SPECIES	Passerculus sandwichensis (J.F.Gmelin, 1789)	Passerculus sandwichensis		US	Lake road, Merced	California		3	e2e717bf-551a-4917-bdc9-4fa0f342c530	37.357872	-120.431779							2018-12-31T00:00:00Z	31	12	2018	5231142	5231142	HUMAN_OBSERVATION	CLO	EBIRD	OBS691843256				CC0_1_0		obsr1147350			2019-09-20T23:25:34.493Z		COORDINATE_ROUNDED
2229364144	4fa7b334-ce0d-4e88-aaae-2e0c138d049e	URN:catalog:CLO:EBIRD:OBS691843254	Animalia	Chordata	Aves	Passeriformes	Icteridae	Molothrus	Molothrus ater		SPECIES	Molothrus ater (Boddaert, 1783)	Molothrus ater		US	Lake road, Merced	California		15	e2e717bf-551a-4917-bdc9-4fa0f342c530	37.357872	-120.431779							2018-12-31T00:00:00Z	31	12	2018	2484391	2484391	HUMAN_OBSERVATION	CLO	EBIRD	OBS691843254				CC0_1_0		obsr1147350			2019-09-21T01:00:13.599Z		COORDINATE_ROUNDED
2229357511	4fa7b334-ce0d-4e88-aaae-2e0c138d049e	URN:catalog:CLO:EBIRD:OBS691843258	Animalia	Chordata	Aves	Passeriformes	Icteridae	Euphagus	Euphagus cyanocephalus		SPECIES	Euphagus cyanocephalus (Wagler, 1829)	Euphagus cyanocephalus		US	Lake road, Merced	California		25	e2e717bf-551a-4917-bdc9-4fa0f342c530	37.357872	-120.431779							2018-12-31T00:00:00Z	31	12	2018	2484183	2484183	HUMAN_OBSERVATION	CLO	EBIRD	OBS691843258				CC0_1_0		obsr1147350			2019-09-20T18:57:07.795Z		COORDINATE_ROUNDED
2229349976	4fa7b334-ce0d-4e88-aaae-2e0c138d049e	URN:catalog:CLO:EBIRD:OBS691843257	Animalia	Chordata	Aves	Passeriformes	Sturnidae	Sturnus	Sturnus vulgaris		SPECIES	Sturnus vulgaris Linnaeus, 1758	Sturnus vulgaris		US	Lake road, Merced	California		18	e2e717bf-551a-4917-bdc9-4fa0f342c530	37.357872	-120.431779							2018-12-31T00:00:00Z	31	12	2018	9809229	9809229	HUMAN_OBSERVATION	CLO	EBIRD	OBS691843257				CC0_1_0		obsr1147350			2019-09-21T03:32:45.362Z		COORDINATE_ROUNDED
2229349103	4fa7b334-ce0d-4e88-aaae-2e0c138d049e	URN:catalog:CLO:EBIRD:OBS691843262	Animalia	Chordata	Aves	Passeriformes	Emberizidae	Chondestes	Chondestes grammacus		SPECIES	Chondestes grammacus (Say, 1822)	Chondestes grammacus		US	Lake road, Merced	California		8	e2e717bf-551a-4917-bdc9-4fa0f342c530	37.357872	-120.431779							2018-12-31T00:00:00Z	31	12	2018	2491651	2491651	HUMAN_OBSERVATION	CLO	EBIRD	OBS691843262				CC0_1_0		obsr1147350			2019-09-20T17:23:26.097Z		COORDINATE_ROUNDED
2229345925	4fa7b334-ce0d-4e88-aaae-2e0c138d049e	URN:catalog:CLO:EBIRD:OBS691843259	Animalia	Chordata	Aves	Galliformes	Odontophoridae	Callipepla	Callipepla californica		SPECIES	Callipepla californica (Shaw, 1798)	Callipepla californica		US	Lake road, Merced	California		1	e2e717bf-551a-4917-bdc9-4fa0f342c530	37.357872	-120.431779							2018-12-31T00:00:00Z	31	12	2018	5228080	5228080	HUMAN_OBSERVATION	CLO	EBIRD	OBS691843259				CC0_1_0		obsr1147350			2019-09-20T16:48:24.751Z		COORDINATE_ROUNDED
2228515764	4fa7b334-ce0d-4e88-aaae-2e0c138d049e	URN:catalog:CLO:EBIRD:OBS678037314	Animalia	Chordata	Aves	Pelecaniformes	Pelecanidae	Pelecanus	Pelecanus erythrorhynchos		SPECIES	Pelecanus erythrorhynchos Gmelin, 1789	Pelecanus erythrorhynchos		US	Lake Yosemite	California		7	e2e717bf-551a-4917-bdc9-4fa0f342c530	37.377	-120.43							2018-11-16T00:00:00Z	16	11	2018	5229155	5229155	HUMAN_OBSERVATION	CLO	EBIRD	OBS678037314				CC0_1_0		obsr292969			2019-09-21T01:08:28.917Z		
2228514621	4fa7b334-ce0d-4e88-aaae-2e0c138d049e	URN:catalog:CLO:EBIRD:OBS678037310	Animalia	Chordata	Aves	Apodiformes	Trochilidae	Calypte	Calypte anna		SPECIES	Calypte anna (Lesson, 1829)	Calypte anna		US	Lake Yosemite	California		2	e2e717bf-551a-4917-bdc9-4fa0f342c530	37.377	-120.43							2018-11-16T00:00:00Z	16	11	2018	2476674	2476674	HUMAN_OBSERVATION	CLO	EBIRD	OBS678037310				CC0_1_0		obsr292969			2019-09-20T16:50:25.772Z		
2228504969	4fa7b334-ce0d-4e88-aaae-2e0c138d049e	URN:catalog:CLO:EBIRD:OBS678037292	Animalia	Chordata	Aves	Passeriformes	Tyrannidae	Sayornis	Sayornis nigricans		SPECIES	Sayornis nigricans (Swainson, 1827)	Sayornis nigricans		US	Lake Yosemite	California		2	e2e717bf-551a-4917-bdc9-4fa0f342c530	37.377	-120.43							2018-11-16T00:00:00Z	16	11	2018	2483612	2483612	HUMAN_OBSERVATION	CLO	EBIRD	OBS678037292				CC0_1_0		obsr292969			2019-09-21T02:29:26.699Z		
2228491419	4fa7b334-ce0d-4e88-aaae-2e0c138d049e	URN:catalog:CLO:EBIRD:OBS678037311	Animalia	Chordata	Aves	Passeriformes	Parulidae	Setophaga	Setophaga coronata		SPECIES	Setophaga coronata (Linnaeus, 1766)	Setophaga coronata		US	Lake Yosemite	California		9	e2e717bf-551a-4917-bdc9-4fa0f342c530	37.377	-120.43							2018-11-16T00:00:00Z	16	11	2018	7341805	7341805	HUMAN_OBSERVATION	CLO	EBIRD	OBS678037311				CC0_1_0		obsr292969			2019-09-20T23:08:40.991Z		
2228490569	4fa7b334-ce0d-4e88-aaae-2e0c138d049e	URN:catalog:CLO:EBIRD:OBS678037316	Animalia	Chordata	Aves	Piciformes	Picidae	Dryobates	Dryobates nuttallii		SPECIES	Dryobates nuttallii	Dryobates nuttallii		US	Lake Yosemite	California		1	e2e717bf-551a-4917-bdc9-4fa0f342c530	37.377	-120.43							2018-11-16T00:00:00Z	16	11	2018	9088491	9088491	HUMAN_OBSERVATION	CLO	EBIRD	OBS678037316				CC0_1_0		obsr292969			2019-09-20T18:30:22.803Z		
2226765936	4fa7b334-ce0d-4e88-aaae-2e0c138d049e	URN:catalog:CLO:EBIRD:OBS691843260	Animalia	Chordata	Aves	Passeriformes	Icteridae	Agelaius	Agelaius phoeniceus		SPECIES	Agelaius phoeniceus (Linnaeus, 1766)	Agelaius phoeniceus		US	Lake road, Merced	California		20	e2e717bf-551a-4917-bdc9-4fa0f342c530	37.357872	-120.431779							2018-12-31T00:00:00Z	31	12	2018	9409198	9409198	HUMAN_OBSERVATION	CLO	EBIRD	OBS691843260				CC0_1_0		obsr1147350			2019-09-20T15:18:16.411Z		COORDINATE_ROUNDED
2226302988	4fa7b334-ce0d-4e88-aaae-2e0c138d049e	URN:catalog:CLO:EBIRD:OBS675238308	Animalia	Chordata	Aves	Passeriformes	Mimidae	Mimus	Mimus polyglottos		SPECIES	Mimus polyglottos (Linnaeus, 1758)	Mimus polyglottos		US	Lake Yosemite Co. Park	California		3	e2e717bf-551a-4917-bdc9-4fa0f342c530	37.37125	-120.42867							2018-11-10T00:00:00Z	10	11	2018	5231677	5231677	HUMAN_OBSERVATION	CLO	EBIRD	OBS675238308				CC0_1_0		obsr990157			2019-09-21T00:19:08.476Z		
2226287200	4fa7b334-ce0d-4e88-aaae-2e0c138d049e	URN:catalog:CLO:EBIRD:OBS675238311	Animalia	Chordata	Aves	Passeriformes	Parulidae	Setophaga	Setophaga coronata		SPECIES	Setophaga coronata (Linnaeus, 1766)	Setophaga coronata		US	Lake Yosemite Co. Park	California		1	e2e717bf-551a-4917-bdc9-4fa0f342c530	37.37125	-120.42867							2018-11-10T00:00:00Z	10	11	2018	7341805	7341805	HUMAN_OBSERVATION	CLO	EBIRD	OBS675238311				CC0_1_0		obsr990157			2019-09-21T02:38:49.482Z		
2222131806	4fa7b334-ce0d-4e88-aaae-2e0c138d049e	URN:catalog:CLO:EBIRD:OBS670037865	Animalia	Chordata	Aves	Passeriformes	Tyrannidae	Sayornis	Sayornis saya		SPECIES	Sayornis saya (Bonaparte, 1825)	Sayornis saya		US	Lake Yosemite Co. Park	California		1	e2e717bf-551a-4917-bdc9-4fa0f342c530	37.37125	-120.42867							2018-10-24T00:00:00Z	24	10	2018	2483607	2483607	HUMAN_OBSERVATION	CLO	EBIRD	OBS670037865				CC0_1_0		obsr144128			2019-09-21T02:30:07.784Z		
2222131712	4fa7b334-ce0d-4e88-aaae-2e0c138d049e	URN:catalog:CLO:EBIRD:OBS670037864	Animalia	Chordata	Aves	Passeriformes	Emberizidae	Zonotrichia	Zonotrichia leucophrys		SPECIES	Zonotrichia leucophrys (J.R.Forster, 1772)	Zonotrichia leucophrys		US	Lake Yosemite Co. Park	California		4	e2e717bf-551a-4917-bdc9-4fa0f342c530	37.37125	-120.42867							2018-10-24T00:00:00Z	24	10	2018	5231132	5231132	HUMAN_OBSERVATION	CLO	EBIRD	OBS670037864				CC0_1_0		obsr144128			2019-09-21T02:31:52.878Z		
2222131687	4fa7b334-ce0d-4e88-aaae-2e0c138d049e	URN:catalog:CLO:EBIRD:OBS670037874	Animalia	Chordata	Aves	Passeriformes	Ptilogonatidae	Phainopepla	Phainopepla nitens		SPECIES	Phainopepla nitens (Swainson, 1838)	Phainopepla nitens		US	Lake Yosemite Co. Park	California		1	e2e717bf-551a-4917-bdc9-4fa0f342c530	37.37125	-120.42867							2018-10-24T00:00:00Z	24	10	2018	2492885	2492885	HUMAN_OBSERVATION	CLO	EBIRD	OBS670037874				CC0_1_0		obsr144128			2019-09-20T21:53:25.265Z		
2222131342	4fa7b334-ce0d-4e88-aaae-2e0c138d049e	URN:catalog:CLO:EBIRD:OBS670037876	Animalia	Chordata	Aves	Podicipediformes	Podicipedidae	Podiceps	Podiceps nigricollis		SPECIES	Podiceps nigricollis C.L.Brehm, 1831	Podiceps nigricollis		US	Lake Yosemite Co. Park	California		2	e2e717bf-551a-4917-bdc9-4fa0f342c530	37.37125	-120.42867							2018-10-24T00:00:00Z	24	10	2018	2482065	2482065	HUMAN_OBSERVATION	CLO	EBIRD	OBS670037876				CC0_1_0		obsr144128			2019-09-21T01:43:11.392Z		
2222131095	4fa7b334-ce0d-4e88-aaae-2e0c138d049e	URN:catalog:CLO:EBIRD:OBS670037866	Animalia	Chordata	Aves	Columbiformes	Columbidae	Streptopelia	Streptopelia decaocto		SPECIES	Streptopelia decaocto (Frivaldszky, 1838)	Streptopelia decaocto		US	Lake Yosemite Co. Park	California		1	e2e717bf-551a-4917-bdc9-4fa0f342c530	37.37125	-120.42867							2018-10-24T00:00:00Z	24	10	2018	2495696	2495696	HUMAN_OBSERVATION	CLO	EBIRD	OBS670037866				CC0_1_0		obsr144128			2019-09-21T03:08:07.023Z		
2222130818	4fa7b334-ce0d-4e88-aaae-2e0c138d049e	URN:catalog:CLO:EBIRD:OBS670037878	Animalia	Chordata	Aves	Passeriformes	Mimidae	Mimus	Mimus polyglottos		SPECIES	Mimus polyglottos (Linnaeus, 1758)	Mimus polyglottos		US	Lake Yosemite Co. Park	California		2	e2e717bf-551a-4917-bdc9-4fa0f342c530	37.37125	-120.42867							2018-10-24T00:00:00Z	24	10	2018	5231677	5231677	HUMAN_OBSERVATION	CLO	EBIRD	OBS670037878				CC0_1_0		obsr144128			2019-09-21T00:19:11.761Z		
2222127893	4fa7b334-ce0d-4e88-aaae-2e0c138d049e	URN:catalog:CLO:EBIRD:OBS670029677	Animalia	Chordata	Aves	Falconiformes	Falconidae	Falco	Falco sparverius		SPECIES	Falco sparverius Linnaeus, 1758	Falco sparverius		US	Lake Yosemite--west shore	California		1	e2e717bf-551a-4917-bdc9-4fa0f342c530	37.375239	-120.438051							2018-10-24T00:00:00Z	24	10	2018	9685907	9685907	HUMAN_OBSERVATION	CLO	EBIRD	OBS670029677				CC0_1_0		obsr144128			2019-09-20T20:13:55.705Z		COORDINATE_ROUNDED
2222127682	4fa7b334-ce0d-4e88-aaae-2e0c138d049e	URN:catalog:CLO:EBIRD:OBS670029676	Animalia	Chordata	Aves	Passeriformes	Icteridae	Euphagus	Euphagus cyanocephalus		SPECIES	Euphagus cyanocephalus (Wagler, 1829)	Euphagus cyanocephalus		US	Lake Yosemite--west shore	California		6	e2e717bf-551a-4917-bdc9-4fa0f342c530	37.375239	-120.438051							2018-10-24T00:00:00Z	24	10	2018	2484183	2484183	HUMAN_OBSERVATION	CLO	EBIRD	OBS670029676				CC0_1_0		obsr144128			2019-09-20T18:57:31.267Z		COORDINATE_ROUNDED
2220411781	4fa7b334-ce0d-4e88-aaae-2e0c138d049e	URN:catalog:CLO:EBIRD:OBS678037303	Animalia	Chordata	Aves	Passeriformes	Regulidae	Regulus	Regulus calendula		SPECIES	Regulus calendula (Linnaeus, 1766)	Regulus calendula		US	Lake Yosemite	California		7	e2e717bf-551a-4917-bdc9-4fa0f342c530	37.377	-120.43							2018-11-16T00:00:00Z	16	11	2018	2484597	2484597	HUMAN_OBSERVATION	CLO	EBIRD	OBS678037303				CC0_1_0		obsr292969			2019-09-21T02:14:05.266Z		
2220403637	4fa7b334-ce0d-4e88-aaae-2e0c138d049e	URN:catalog:CLO:EBIRD:OBS678037301	Animalia	Chordata	Aves	Passeriformes	Icteridae	Sturnella	Sturnella neglecta		SPECIES	Sturnella neglecta Audubon, 1844	Sturnella neglecta		US	Lake Yosemite	California		19	e2e717bf-551a-4917-bdc9-4fa0f342c530	37.377	-120.43							2018-11-16T00:00:00Z	16	11	2018	9596413	9596413	HUMAN_OBSERVATION	CLO	EBIRD	OBS678037301				CC0_1_0		obsr292969			2019-09-20T23:36:25.316Z		
2220400528	4fa7b334-ce0d-4e88-aaae-2e0c138d049e	URN:catalog:CLO:EBIRD:OBS678037299	Animalia	Chordata	Aves	Passeriformes	Corvidae	Aphelocoma	Aphelocoma californica		SPECIES	Aphelocoma californica (Vigors, 1839)	Aphelocoma californica		US	Lake Yosemite	California		3	e2e717bf-551a-4917-bdc9-4fa0f342c530	37.377	-120.43							2018-11-16T00:00:00Z	16	11	2018	2482414	2482414	HUMAN_OBSERVATION	CLO	EBIRD	OBS678037299				CC0_1_0		obsr292969			2019-09-20T15:43:21.913Z		
2220399731	4fa7b334-ce0d-4e88-aaae-2e0c138d049e	URN:catalog:CLO:EBIRD:OBS678037306	Animalia	Chordata	Aves	Passeriformes	Sturnidae	Sturnus	Sturnus vulgaris		SPECIES	Sturnus vulgaris Linnaeus, 1758	Sturnus vulgaris		US	Lake Yosemite	California		17	e2e717bf-551a-4917-bdc9-4fa0f342c530	37.377	-120.43							2018-11-16T00:00:00Z	16	11	2018	9809229	9809229	HUMAN_OBSERVATION	CLO	EBIRD	OBS678037306				CC0_1_0		obsr292969			2019-09-21T03:11:43.155Z		
2220397076	4fa7b334-ce0d-4e88-aaae-2e0c138d049e	URN:catalog:CLO:EBIRD:OBS678037315	Animalia	Chordata	Aves	Pelecaniformes	Ardeidae	Egretta	Egretta thula		SPECIES	Egretta thula (Molina, 1782)	Egretta thula		US	Lake Yosemite	California		2	e2e717bf-551a-4917-bdc9-4fa0f342c530	37.377	-120.43							2018-11-16T00:00:00Z	16	11	2018	2480873	2480873	HUMAN_OBSERVATION	CLO	EBIRD	OBS678037315				CC0_1_0		obsr292969			2019-09-20T18:40:38.373Z		
2220357791	4fa7b334-ce0d-4e88-aaae-2e0c138d049e	URN:catalog:CLO:EBIRD:OBS678037291	Animalia	Chordata	Aves	Columbiformes	Columbidae	Zenaida	Zenaida macroura		SPECIES	Zenaida macroura (Linnaeus, 1758)	Zenaida macroura		US	Lake Yosemite	California		4	e2e717bf-551a-4917-bdc9-4fa0f342c530	37.377	-120.43							2018-11-16T00:00:00Z	16	11	2018	2495347	2495347	HUMAN_OBSERVATION	CLO	EBIRD	OBS678037291				CC0_1_0		obsr292969			2019-09-21T02:26:06.649Z		
2220357410	4fa7b334-ce0d-4e88-aaae-2e0c138d049e	URN:catalog:CLO:EBIRD:OBS678037300	Animalia	Chordata	Aves	Podicipediformes	Podicipedidae	Aechmophorus	Aechmophorus clarkii		SPECIES	Aechmophorus clarkii (Lawrence, 1858)	Aechmophorus clarkii		US	Lake Yosemite	California		3	e2e717bf-551a-4917-bdc9-4fa0f342c530	37.377	-120.43							2018-11-16T00:00:00Z	16	11	2018	2482032	2482032	HUMAN_OBSERVATION	CLO	EBIRD	OBS678037300				CC0_1_0		obsr292969			2019-09-20T15:12:26.603Z		
2220355085	4fa7b334-ce0d-4e88-aaae-2e0c138d049e	URN:catalog:CLO:EBIRD:OBS678037307	Animalia	Chordata	Aves	Accipitriformes	Pandionidae	Pandion	Pandion haliaetus		SPECIES	Pandion haliaetus (Linnaeus, 1758)	Pandion haliaetus		US	Lake Yosemite	California		1	e2e717bf-551a-4917-bdc9-4fa0f342c530	37.377	-120.43							2018-11-16T00:00:00Z	16	11	2018	2480726	2480726	HUMAN_OBSERVATION	CLO	EBIRD	OBS678037307				CC0_1_0		obsr292969			2019-09-20T23:12:11.647Z		
2218181964	4fa7b334-ce0d-4e88-aaae-2e0c138d049e	URN:catalog:CLO:EBIRD:OBS665599990	Animalia	Chordata	Aves	Passeriformes	Icteridae	Sturnella	Sturnella neglecta		SPECIES	Sturnella neglecta Audubon, 1844	Sturnella neglecta		US	Merced Vernal Pools and Grassland Reserve (restricted access)	California		16	e2e717bf-551a-4917-bdc9-4fa0f342c530	37.383594	-120.401058							2018-03-30T00:00:00Z	30	3	2018	9596413	9596413	HUMAN_OBSERVATION	CLO	EBIRD	OBS665599990				CC0_1_0		obsr934152			2019-09-20T23:36:04.805Z		COORDINATE_ROUNDED
2218175436	4fa7b334-ce0d-4e88-aaae-2e0c138d049e	URN:catalog:CLO:EBIRD:OBS665600000	Animalia	Chordata	Aves	Passeriformes	Tyrannidae	Tyrannus	Tyrannus verticalis		SPECIES	Tyrannus verticalis Say, 1823	Tyrannus verticalis		US	Merced Vernal Pools and Grassland Reserve (restricted access)	California		5	e2e717bf-551a-4917-bdc9-4fa0f342c530	37.383594	-120.401058							2018-03-30T00:00:00Z	30	3	2018	5229675	5229675	HUMAN_OBSERVATION	CLO	EBIRD	OBS665600000				CC0_1_0		obsr934152			2019-09-21T02:11:42.888Z		COORDINATE_ROUNDED
2218169021	4fa7b334-ce0d-4e88-aaae-2e0c138d049e	URN:catalog:CLO:EBIRD:OBS665602391	Animalia	Chordata	Aves	Accipitriformes	Accipitridae	Buteo	Buteo jamaicensis		SPECIES	Buteo jamaicensis (Gmelin, 1788)	Buteo jamaicensis		US	Merced Vernal Pools and Grassland Reserve (restricted access)	California		2	e2e717bf-551a-4917-bdc9-4fa0f342c530	37.383594	-120.401058							2018-04-18T00:00:00Z	18	4	2018	2480542	2480542	HUMAN_OBSERVATION	CLO	EBIRD	OBS665602391				CC0_1_0		obsr934152			2019-09-20T16:56:52.987Z		COORDINATE_ROUNDED
2218155893	4fa7b334-ce0d-4e88-aaae-2e0c138d049e	URN:catalog:CLO:EBIRD:OBS665602392	Animalia	Chordata	Aves	Charadriiformes	Charadriidae	Charadrius	Charadrius vociferus		SPECIES	Charadrius vociferus Linnaeus, 1758	Charadrius vociferus		US	Merced Vernal Pools and Grassland Reserve (restricted access)	California		6	e2e717bf-551a-4917-bdc9-4fa0f342c530	37.383594	-120.401058							2018-04-18T00:00:00Z	18	4	2018	2480320	2480320	HUMAN_OBSERVATION	CLO	EBIRD	OBS665602392				CC0_1_0		obsr934152			2019-09-20T18:03:59.350Z		COORDINATE_ROUNDED
2218154273	4fa7b334-ce0d-4e88-aaae-2e0c138d049e	URN:catalog:CLO:EBIRD:OBS665602402	Animalia	Chordata	Aves	Passeriformes	Icteridae	Sturnella	Sturnella neglecta		SPECIES	Sturnella neglecta Audubon, 1844	Sturnella neglecta		US	Merced Vernal Pools and Grassland Reserve (restricted access)	California		11	e2e717bf-551a-4917-bdc9-4fa0f342c530	37.383594	-120.401058							2018-04-18T00:00:00Z	18	4	2018	9596413	9596413	HUMAN_OBSERVATION	CLO	EBIRD	OBS665602402				CC0_1_0		obsr934152			2019-09-20T23:36:05.421Z		COORDINATE_ROUNDED
2218152419	4fa7b334-ce0d-4e88-aaae-2e0c138d049e	URN:catalog:CLO:EBIRD:OBS665599989	Animalia	Chordata	Aves	Passeriformes	Motacillidae	Anthus	Anthus rubescens		SPECIES	Anthus rubescens (Tunstall, 1771)	Anthus rubescens		US	Merced Vernal Pools and Grassland Reserve (restricted access)	California		6	e2e717bf-551a-4917-bdc9-4fa0f342c530	37.383594	-120.401058							2018-03-30T00:00:00Z	30	3	2018	2490263	2490263	HUMAN_OBSERVATION	CLO	EBIRD	OBS665599989				CC0_1_0		obsr934152			2019-09-20T15:58:38.853Z		COORDINATE_ROUNDED
2218151906	4fa7b334-ce0d-4e88-aaae-2e0c138d049e	URN:catalog:CLO:EBIRD:OBS665602407	Animalia	Chordata	Aves	Passeriformes	Tyrannidae	Myiarchus	Myiarchus cinerascens		SPECIES	Myiarchus cinerascens (Lawrence, 1851)	Myiarchus cinerascens		US	Merced Vernal Pools and Grassland Reserve (restricted access)	California		2	e2e717bf-551a-4917-bdc9-4fa0f342c530	37.383594	-120.401058							2018-04-18T00:00:00Z	18	4	2018	2483600	2483600	HUMAN_OBSERVATION	CLO	EBIRD	OBS665602407				CC0_1_0		obsr934152			2019-09-20T22:57:51.250Z		COORDINATE_ROUNDED
2218151275	4fa7b334-ce0d-4e88-aaae-2e0c138d049e	URN:catalog:CLO:EBIRD:OBS665602395	Animalia	Chordata	Aves	Passeriformes	Hirundinidae	Tachycineta	Tachycineta bicolor		SPECIES	Tachycineta bicolor (Vieillot, 1808)	Tachycineta bicolor		US	Merced Vernal Pools and Grassland Reserve (restricted access)	California		6	e2e717bf-551a-4917-bdc9-4fa0f342c530	37.383594	-120.401058							2018-04-18T00:00:00Z	18	4	2018	2489181	2489181	HUMAN_OBSERVATION	CLO	EBIRD	OBS665602395				CC0_1_0		obsr934152			2019-09-21T03:20:25.271Z		COORDINATE_ROUNDED
2218151223	4fa7b334-ce0d-4e88-aaae-2e0c138d049e	URN:catalog:CLO:EBIRD:OBS665599992	Animalia	Chordata	Aves	Pelecaniformes	Ardeidae	Ardea	Ardea alba		SPECIES	Ardea alba Linnaeus, 1758	Ardea alba		US	Merced Vernal Pools and Grassland Reserve (restricted access)	California		7	e2e717bf-551a-4917-bdc9-4fa0f342c530	37.383594	-120.401058							2018-03-30T00:00:00Z	30	3	2018	9752617	9752617	HUMAN_OBSERVATION	CLO	EBIRD	OBS665599992				CC0_1_0		obsr934152			2019-09-20T16:06:57.072Z		COORDINATE_ROUNDED
2218147616	4fa7b334-ce0d-4e88-aaae-2e0c138d049e	URN:catalog:CLO:EBIRD:OBS665600007	Animalia	Chordata	Aves	Charadriiformes	Charadriidae	Charadrius	Charadrius vociferus		SPECIES	Charadrius vociferus Linnaeus, 1758	Charadrius vociferus		US	Merced Vernal Pools and Grassland Reserve (restricted access)	California		11	e2e717bf-551a-4917-bdc9-4fa0f342c530	37.383594	-120.401058							2018-03-30T00:00:00Z	30	3	2018	2480320	2480320	HUMAN_OBSERVATION	CLO	EBIRD	OBS665600007				CC0_1_0		obsr934152			2019-09-20T18:04:00.275Z		COORDINATE_ROUNDED
2218147235	4fa7b334-ce0d-4e88-aaae-2e0c138d049e	URN:catalog:CLO:EBIRD:OBS665600004	Animalia	Chordata	Aves	Passeriformes	Icteridae	Agelaius	Agelaius phoeniceus		SPECIES	Agelaius phoeniceus (Linnaeus, 1766)	Agelaius phoeniceus		US	Merced Vernal Pools and Grassland Reserve (restricted access)	California		9	e2e717bf-551a-4917-bdc9-4fa0f342c530	37.383594	-120.401058							2018-03-30T00:00:00Z	30	3	2018	9409198	9409198	HUMAN_OBSERVATION	CLO	EBIRD	OBS665600004				CC0_1_0		obsr934152			2019-09-20T15:07:43.209Z		COORDINATE_ROUNDED
2218145949	4fa7b334-ce0d-4e88-aaae-2e0c138d049e	URN:catalog:CLO:EBIRD:OBS665602399	Animalia	Chordata	Aves	Passeriformes	Tyrannidae	Tyrannus	Tyrannus verticalis		SPECIES	Tyrannus verticalis Say, 1823	Tyrannus verticalis		US	Merced Vernal Pools and Grassland Reserve (restricted access)	California		5	e2e717bf-551a-4917-bdc9-4fa0f342c530	37.383594	-120.401058							2018-04-18T00:00:00Z	18	4	2018	5229675	5229675	HUMAN_OBSERVATION	CLO	EBIRD	OBS665602399				CC0_1_0		obsr934152			2019-09-21T02:11:41.396Z		COORDINATE_ROUNDED
2218145862	4fa7b334-ce0d-4e88-aaae-2e0c138d049e	URN:catalog:CLO:EBIRD:OBS665602406	Animalia	Chordata	Aves	Passeriformes	Motacillidae	Anthus	Anthus rubescens		SPECIES	Anthus rubescens (Tunstall, 1771)	Anthus rubescens		US	Merced Vernal Pools and Grassland Reserve (restricted access)	California		3	e2e717bf-551a-4917-bdc9-4fa0f342c530	37.383594	-120.401058							2018-04-18T00:00:00Z	18	4	2018	2490263	2490263	HUMAN_OBSERVATION	CLO	EBIRD	OBS665602406				CC0_1_0		obsr934152			2019-09-20T15:58:38.036Z		COORDINATE_ROUNDED
2218144342	4fa7b334-ce0d-4e88-aaae-2e0c138d049e	URN:catalog:CLO:EBIRD:OBS665600006	Animalia	Chordata	Aves	Passeriformes	Sturnidae	Sturnus	Sturnus vulgaris		SPECIES	Sturnus vulgaris Linnaeus, 1758	Sturnus vulgaris		US	Merced Vernal Pools and Grassland Reserve (restricted access)	California		12	e2e717bf-551a-4917-bdc9-4fa0f342c530	37.383594	-120.401058							2018-03-30T00:00:00Z	30	3	2018	9809229	9809229	HUMAN_OBSERVATION	CLO	EBIRD	OBS665600006				CC0_1_0		obsr934152			2019-09-20T23:39:13.155Z		COORDINATE_ROUNDED
2218143953	4fa7b334-ce0d-4e88-aaae-2e0c138d049e	URN:catalog:CLO:EBIRD:OBS665599995	Animalia	Chordata	Aves	Passeriformes	Hirundinidae	Petrochelidon	Petrochelidon pyrrhonota		SPECIES	Petrochelidon pyrrhonota (Vieillot, 1817)	Petrochelidon pyrrhonota		US	Merced Vernal Pools and Grassland Reserve (restricted access)	California		20	e2e717bf-551a-4917-bdc9-4fa0f342c530	37.383594	-120.401058							2018-03-30T00:00:00Z	30	3	2018	2489169	2489169	HUMAN_OBSERVATION	CLO	EBIRD	OBS665599995				CC0_1_0		obsr934152			2019-09-20T23:31:01.215Z		COORDINATE_ROUNDED
2218143684	4fa7b334-ce0d-4e88-aaae-2e0c138d049e	URN:catalog:CLO:EBIRD:OBS665598511	Animalia	Chordata	Aves	Columbiformes	Columbidae	Zenaida	Zenaida macroura		SPECIES	Zenaida macroura (Linnaeus, 1758)	Zenaida macroura		US	Merced Vernal Pools and Grassland Reserve (restricted access)	California		7	e2e717bf-551a-4917-bdc9-4fa0f342c530	37.383594	-120.401058							2018-03-28T00:00:00Z	28	3	2018	2495347	2495347	HUMAN_OBSERVATION	CLO	EBIRD	OBS665598511				CC0_1_0		obsr934152			2019-09-21T04:02:43.245Z		COORDINATE_ROUNDED
2218136457	4fa7b334-ce0d-4e88-aaae-2e0c138d049e	URN:catalog:CLO:EBIRD:OBS665599998	Animalia	Chordata	Aves	Passeriformes	Hirundinidae	Tachycineta	Tachycineta bicolor		SPECIES	Tachycineta bicolor (Vieillot, 1808)	Tachycineta bicolor		US	Merced Vernal Pools and Grassland Reserve (restricted access)	California		2	e2e717bf-551a-4917-bdc9-4fa0f342c530	37.383594	-120.401058							2018-03-30T00:00:00Z	30	3	2018	2489181	2489181	HUMAN_OBSERVATION	CLO	EBIRD	OBS665599998				CC0_1_0		obsr934152			2019-09-21T03:20:30.996Z		COORDINATE_ROUNDED
2218131748	4fa7b334-ce0d-4e88-aaae-2e0c138d049e	URN:catalog:CLO:EBIRD:OBS665599996	Animalia	Chordata	Aves	Passeriformes	Fringillidae	Haemorhous	Haemorhous mexicanus		SPECIES	Haemorhous mexicanus (P.L.Statius Müller, 1776)	Haemorhous mexicanus		US	Merced Vernal Pools and Grassland Reserve (restricted access)	California		7	e2e717bf-551a-4917-bdc9-4fa0f342c530	37.383594	-120.401058							2018-03-30T00:00:00Z	30	3	2018	8323485	8323485	HUMAN_OBSERVATION	CLO	EBIRD	OBS665599996				CC0_1_0		obsr934152			2019-09-20T21:09:25.471Z		COORDINATE_ROUNDED
2217793950	4fa7b334-ce0d-4e88-aaae-2e0c138d049e	URN:catalog:CLO:EBIRD:OBS675238314	Animalia	Chordata	Aves	Columbiformes	Columbidae	Zenaida	Zenaida macroura		SPECIES	Zenaida macroura (Linnaeus, 1758)	Zenaida macroura		US	Lake Yosemite Co. Park	California		4	e2e717bf-551a-4917-bdc9-4fa0f342c530	37.37125	-120.42867							2018-11-10T00:00:00Z	10	11	2018	2495347	2495347	HUMAN_OBSERVATION	CLO	EBIRD	OBS675238314				CC0_1_0		obsr990157			2019-09-21T04:02:43.713Z		
2217772871	4fa7b334-ce0d-4e88-aaae-2e0c138d049e	URN:catalog:CLO:EBIRD:OBS675238319	Animalia	Chordata	Aves	Pelecaniformes	Pelecanidae	Pelecanus	Pelecanus erythrorhynchos		SPECIES	Pelecanus erythrorhynchos Gmelin, 1789	Pelecanus erythrorhynchos		US	Lake Yosemite Co. Park	California		3	e2e717bf-551a-4917-bdc9-4fa0f342c530	37.37125	-120.42867							2018-11-10T00:00:00Z	10	11	2018	5229155	5229155	HUMAN_OBSERVATION	CLO	EBIRD	OBS675238319				CC0_1_0		obsr990157			2019-09-21T01:08:29.876Z		
2217766458	4fa7b334-ce0d-4e88-aaae-2e0c138d049e	URN:catalog:CLO:EBIRD:OBS675238312	Animalia	Chordata	Aves	Anseriformes	Anatidae	Chen	Chen caerulescens		SPECIES	Anser caerulescens (Linnaeus, 1758)	Anser caerulescens		US	Lake Yosemite Co. Park	California		2	e2e717bf-551a-4917-bdc9-4fa0f342c530	37.37125	-120.42867							2018-11-10T00:00:00Z	10	11	2018	2498167	2498165	HUMAN_OBSERVATION	CLO	EBIRD	OBS675238312				CC0_1_0		obsr990157			2019-09-20T15:36:43.839Z		
2217673534	4fa7b334-ce0d-4e88-aaae-2e0c138d049e	URN:catalog:CLO:EBIRD:OBS678037304	Animalia	Chordata	Aves	Piciformes	Picidae	Colaptes	Colaptes auratus		SPECIES	Colaptes auratus (Linnaeus, 1758)	Colaptes auratus		US	Lake Yosemite	California		2	e2e717bf-551a-4917-bdc9-4fa0f342c530	37.377	-120.43							2018-11-16T00:00:00Z	16	11	2018	2478259	2478259	HUMAN_OBSERVATION	CLO	EBIRD	OBS678037304				CC0_1_0		obsr292969			2019-09-20T17:38:35.760Z		
2217673393	4fa7b334-ce0d-4e88-aaae-2e0c138d049e	URN:catalog:CLO:EBIRD:OBS678037312	Animalia	Chordata	Aves	Anseriformes	Anatidae	Bucephala	Bucephala clangula		SPECIES	Bucephala clangula (Linnaeus, 1758)	Bucephala clangula		US	Lake Yosemite	California		5	e2e717bf-551a-4917-bdc9-4fa0f342c530	37.377	-120.43							2018-11-16T00:00:00Z	16	11	2018	2498326	2498326	HUMAN_OBSERVATION	CLO	EBIRD	OBS678037312				CC0_1_0		obsr292969			2019-09-20T16:52:12.769Z		
2217672381	4fa7b334-ce0d-4e88-aaae-2e0c138d049e	URN:catalog:CLO:EBIRD:OBS678037308	Animalia	Chordata	Aves	Passeriformes	Emberizidae	Junco	Junco hyemalis		SPECIES	Junco hyemalis (Linnaeus, 1758)	Junco hyemalis		US	Lake Yosemite	California		6	e2e717bf-551a-4917-bdc9-4fa0f342c530	37.377	-120.43							2018-11-16T00:00:00Z	16	11	2018	9362842	9362842	HUMAN_OBSERVATION	CLO	EBIRD	OBS678037308				CC0_1_0		obsr292969			2019-09-20T21:56:18.583Z		
2217666496	4fa7b334-ce0d-4e88-aaae-2e0c138d049e	URN:catalog:CLO:EBIRD:OBS678037296	Animalia	Chordata	Aves	Passeriformes	Mimidae	Mimus	Mimus polyglottos		SPECIES	Mimus polyglottos (Linnaeus, 1758)	Mimus polyglottos		US	Lake Yosemite	California		1	e2e717bf-551a-4917-bdc9-4fa0f342c530	37.377	-120.43							2018-11-16T00:00:00Z	16	11	2018	5231677	5231677	HUMAN_OBSERVATION	CLO	EBIRD	OBS678037296				CC0_1_0		obsr292969			2019-09-21T00:56:28.974Z		
2217661567	4fa7b334-ce0d-4e88-aaae-2e0c138d049e	URN:catalog:CLO:EBIRD:OBS678037297	Animalia	Chordata	Aves	Passeriformes	Motacillidae	Anthus	Anthus rubescens		SPECIES	Anthus rubescens (Tunstall, 1771)	Anthus rubescens		US	Lake Yosemite	California		2	e2e717bf-551a-4917-bdc9-4fa0f342c530	37.377	-120.43							2018-11-16T00:00:00Z	16	11	2018	2490263	2490263	HUMAN_OBSERVATION	CLO	EBIRD	OBS678037297				CC0_1_0		obsr292969			2019-09-20T15:58:39.464Z		
2217655331	4fa7b334-ce0d-4e88-aaae-2e0c138d049e	URN:catalog:CLO:EBIRD:OBS678037295	Animalia	Chordata	Aves	Passeriformes	Emberizidae	Passerculus	Passerculus sandwichensis		SPECIES	Passerculus sandwichensis (J.F.Gmelin, 1789)	Passerculus sandwichensis		US	Lake Yosemite	California		6	e2e717bf-551a-4917-bdc9-4fa0f342c530	37.377	-120.43							2018-11-16T00:00:00Z	16	11	2018	5231142	5231142	HUMAN_OBSERVATION	CLO	EBIRD	OBS678037295				CC0_1_0		obsr292969			2019-09-21T01:34:59.208Z		
2217653128	4fa7b334-ce0d-4e88-aaae-2e0c138d049e	URN:catalog:CLO:EBIRD:OBS678037309	Animalia	Chordata	Aves	Podicipediformes	Podicipedidae	Podiceps	Podiceps nigricollis		SPECIES	Podiceps nigricollis C.L.Brehm, 1831	Podiceps nigricollis		US	Lake Yosemite	California		3	e2e717bf-551a-4917-bdc9-4fa0f342c530	37.377	-120.43							2018-11-16T00:00:00Z	16	11	2018	2482065	2482065	HUMAN_OBSERVATION	CLO	EBIRD	OBS678037309				CC0_1_0		obsr292969			2019-09-21T01:43:24.537Z		
2217652582	4fa7b334-ce0d-4e88-aaae-2e0c138d049e	URN:catalog:CLO:EBIRD:OBS678037293	Animalia	Chordata	Aves	Gruiformes	Rallidae	Fulica	Fulica americana		SPECIES	Fulica americana Gmelin, 1789	Fulica americana		US	Lake Yosemite	California		16	e2e717bf-551a-4917-bdc9-4fa0f342c530	37.377	-120.43							2018-11-16T00:00:00Z	16	11	2018	2474393	2474393	HUMAN_OBSERVATION	CLO	EBIRD	OBS678037293				CC0_1_0		obsr292969			2019-09-20T18:46:38.542Z		
2217157698	4fa7b334-ce0d-4e88-aaae-2e0c138d049e	URN:catalog:CLO:EBIRD:OBS691843255	Animalia	Chordata	Aves	Passeriformes	Emberizidae	Zonotrichia	Zonotrichia leucophrys		SPECIES	Zonotrichia leucophrys (J.R.Forster, 1772)	Zonotrichia leucophrys		US	Lake road, Merced	California		5	e2e717bf-551a-4917-bdc9-4fa0f342c530	37.357872	-120.431779							2018-12-31T00:00:00Z	31	12	2018	5231132	5231132	HUMAN_OBSERVATION	CLO	EBIRD	OBS691843255				CC0_1_0		obsr1147350			2019-09-21T00:42:28.734Z		COORDINATE_ROUNDED
2217154292	4fa7b334-ce0d-4e88-aaae-2e0c138d049e	URN:catalog:CLO:EBIRD:OBS691843261	Animalia	Chordata	Aves	Passeriformes	Icteridae	Sturnella	Sturnella neglecta		SPECIES	Sturnella neglecta Audubon, 1844	Sturnella neglecta		US	Lake road, Merced	California		1	e2e717bf-551a-4917-bdc9-4fa0f342c530	37.357872	-120.431779							2018-12-31T00:00:00Z	31	12	2018	9596413	9596413	HUMAN_OBSERVATION	CLO	EBIRD	OBS691843261				CC0_1_0		obsr1147350			2019-09-20T23:35:54.522Z		COORDINATE_ROUNDED
2215014713	4fa7b334-ce0d-4e88-aaae-2e0c138d049e	URN:catalog:CLO:EBIRD:OBS675238318	Animalia	Chordata	Aves	Anseriformes	Anatidae	Chen	Chen rossii		SPECIES	Anser rossii Cassin, 1861	Anser rossii		US	Lake Yosemite Co. Park	California		1	e2e717bf-551a-4917-bdc9-4fa0f342c530	37.37125	-120.42867							2018-11-10T00:00:00Z	10	11	2018	2498161	2498160	HUMAN_OBSERVATION	CLO	EBIRD	OBS675238318				CC0_1_0		obsr990157			2019-09-20T15:45:48.709Z		
2215013471	4fa7b334-ce0d-4e88-aaae-2e0c138d049e	URN:catalog:CLO:EBIRD:OBS675238317	Animalia	Chordata	Aves	Passeriformes	Icteridae	Sturnella	Sturnella neglecta		SPECIES	Sturnella neglecta Audubon, 1844	Sturnella neglecta		US	Lake Yosemite Co. Park	California		3	e2e717bf-551a-4917-bdc9-4fa0f342c530	37.37125	-120.42867							2018-11-10T00:00:00Z	10	11	2018	9596413	9596413	HUMAN_OBSERVATION	CLO	EBIRD	OBS675238317				CC0_1_0		obsr990157			2019-09-20T23:36:05.365Z		
2215012861	4fa7b334-ce0d-4e88-aaae-2e0c138d049e	URN:catalog:CLO:EBIRD:OBS675238320	Animalia	Chordata	Aves	Passeriformes	Tyrannidae	Sayornis	Sayornis saya		SPECIES	Sayornis saya (Bonaparte, 1825)	Sayornis saya		US	Lake Yosemite Co. Park	California		1	e2e717bf-551a-4917-bdc9-4fa0f342c530	37.37125	-120.42867							2018-11-10T00:00:00Z	10	11	2018	2483607	2483607	HUMAN_OBSERVATION	CLO	EBIRD	OBS675238320				CC0_1_0		obsr990157			2019-09-21T02:30:01.543Z		
2215009782	4fa7b334-ce0d-4e88-aaae-2e0c138d049e	URN:catalog:CLO:EBIRD:OBS675238316	Animalia	Chordata	Aves	Suliformes	Phalacrocoracidae	Phalacrocorax	Phalacrocorax auritus		SPECIES	Phalacrocorax auritus (Lesson, 1831)	Phalacrocorax auritus		US	Lake Yosemite Co. Park	California			e2e717bf-551a-4917-bdc9-4fa0f342c530	37.37125	-120.42867							2018-11-10T00:00:00Z	10	11	2018	2481875	2481875	HUMAN_OBSERVATION	CLO	EBIRD	OBS675238316				CC0_1_0		obsr990157			2019-09-21T01:14:47.835Z		
2213030345	4fa7b334-ce0d-4e88-aaae-2e0c138d049e	URN:catalog:CLO:EBIRD:OBS670037872	Animalia	Chordata	Aves	Pelecaniformes	Ardeidae	Egretta	Egretta thula		SPECIES	Egretta thula (Molina, 1782)	Egretta thula		US	Lake Yosemite Co. Park	California		1	e2e717bf-551a-4917-bdc9-4fa0f342c530	37.37125	-120.42867							2018-10-24T00:00:00Z	24	10	2018	2480873	2480873	HUMAN_OBSERVATION	CLO	EBIRD	OBS670037872				CC0_1_0		obsr144128			2019-09-20T18:40:50.918Z		
2213015810	4fa7b334-ce0d-4e88-aaae-2e0c138d049e	URN:catalog:CLO:EBIRD:OBS670037877	Animalia	Chordata	Aves	Gruiformes	Rallidae	Fulica	Fulica americana		SPECIES	Fulica americana Gmelin, 1789	Fulica americana		US	Lake Yosemite Co. Park	California		35	e2e717bf-551a-4917-bdc9-4fa0f342c530	37.37125	-120.42867							2018-10-24T00:00:00Z	24	10	2018	2474393	2474393	HUMAN_OBSERVATION	CLO	EBIRD	OBS670037877				CC0_1_0		obsr144128			2019-09-20T18:46:29.814Z		
2213012735	4fa7b334-ce0d-4e88-aaae-2e0c138d049e	URN:catalog:CLO:EBIRD:OBS670037871	Animalia	Chordata	Aves	Anseriformes	Anatidae	Branta	Branta canadensis		SPECIES	Branta canadensis (Linnaeus, 1758)	Branta canadensis		US	Lake Yosemite Co. Park	California		11	e2e717bf-551a-4917-bdc9-4fa0f342c530	37.37125	-120.42867							2018-10-24T00:00:00Z	24	10	2018	5232437	5232437	HUMAN_OBSERVATION	CLO	EBIRD	OBS670037871				CC0_1_0		obsr144128			2019-09-20T16:24:41.423Z		
2213006617	4fa7b334-ce0d-4e88-aaae-2e0c138d049e	URN:catalog:CLO:EBIRD:OBS670029674	Animalia	Chordata	Aves	Pelecaniformes	Ardeidae	Egretta	Egretta thula		SPECIES	Egretta thula (Molina, 1782)	Egretta thula		US	Lake Yosemite--west shore	California		2	e2e717bf-551a-4917-bdc9-4fa0f342c530	37.375239	-120.438051							2018-10-24T00:00:00Z	24	10	2018	2480873	2480873	HUMAN_OBSERVATION	CLO	EBIRD	OBS670029674				CC0_1_0		obsr144128			2019-09-20T18:40:51.335Z		COORDINATE_ROUNDED
2213006605	4fa7b334-ce0d-4e88-aaae-2e0c138d049e	URN:catalog:CLO:EBIRD:OBS670029681	Animalia	Chordata	Aves	Pelecaniformes	Ardeidae	Ardea	Ardea alba		SPECIES	Ardea alba Linnaeus, 1758	Ardea alba		US	Lake Yosemite--west shore	California		2	e2e717bf-551a-4917-bdc9-4fa0f342c530	37.375239	-120.438051							2018-10-24T00:00:00Z	24	10	2018	9752617	9752617	HUMAN_OBSERVATION	CLO	EBIRD	OBS670029681				CC0_1_0		obsr144128			2019-09-20T16:06:56.960Z		COORDINATE_ROUNDED
2213005355	4fa7b334-ce0d-4e88-aaae-2e0c138d049e	URN:catalog:CLO:EBIRD:OBS670029672	Animalia	Chordata	Aves	Gruiformes	Rallidae	Fulica	Fulica americana		SPECIES	Fulica americana Gmelin, 1789	Fulica americana		US	Lake Yosemite--west shore	California		81	e2e717bf-551a-4917-bdc9-4fa0f342c530	37.375239	-120.438051							2018-10-24T00:00:00Z	24	10	2018	2474393	2474393	HUMAN_OBSERVATION	CLO	EBIRD	OBS670029672				CC0_1_0		obsr144128			2019-09-20T18:46:28.073Z		COORDINATE_ROUNDED
2212997062	4fa7b334-ce0d-4e88-aaae-2e0c138d049e	URN:catalog:CLO:EBIRD:OBS670029679	Animalia	Chordata	Aves	Pelecaniformes	Ardeidae	Ardea	Ardea herodias		SPECIES	Ardea herodias Linnaeus, 1758	Ardea herodias		US	Lake Yosemite--west shore	California		1	e2e717bf-551a-4917-bdc9-4fa0f342c530	37.375239	-120.438051							2018-10-24T00:00:00Z	24	10	2018	9630752	9630752	HUMAN_OBSERVATION	CLO	EBIRD	OBS670029679				CC0_1_0		obsr144128			2019-09-20T16:10:57.060Z		COORDINATE_ROUNDED
2210209192	4fa7b334-ce0d-4e88-aaae-2e0c138d049e	URN:catalog:CLO:EBIRD:OBS657157463	Animalia	Chordata	Aves	Passeriformes	Icteridae	Euphagus	Euphagus cyanocephalus		SPECIES	Euphagus cyanocephalus (Wagler, 1829)	Euphagus cyanocephalus		US	Lake Yosemite	California		31	e2e717bf-551a-4917-bdc9-4fa0f342c530	37.377	-120.43							2018-09-14T00:00:00Z	14	9	2018	2484183	2484183	HUMAN_OBSERVATION	CLO	EBIRD	OBS657157463				CC0_1_0		obsr670978			2019-09-20T18:57:23.002Z		
2210208732	4fa7b334-ce0d-4e88-aaae-2e0c138d049e	URN:catalog:CLO:EBIRD:OBS657157455	Animalia	Chordata	Aves	Passeriformes	Corvidae	Corvus	Corvus brachyrhynchos		SPECIES	Corvus brachyrhynchos C.L.Brehm, 1822	Corvus brachyrhynchos		US	Lake Yosemite	California		5	e2e717bf-551a-4917-bdc9-4fa0f342c530	37.377	-120.43							2018-09-14T00:00:00Z	14	9	2018	2482507	2482507	HUMAN_OBSERVATION	CLO	EBIRD	OBS657157455				CC0_1_0		obsr670978			2019-09-20T18:42:38.125Z		
2210204937	4fa7b334-ce0d-4e88-aaae-2e0c138d049e	URN:catalog:CLO:EBIRD:OBS657157483	Animalia	Chordata	Aves	Passeriformes	Passeridae	Passer	Passer domesticus		SPECIES	Passer domesticus (Linnaeus, 1758)	Passer domesticus		US	Lake Yosemite	California		30	e2e717bf-551a-4917-bdc9-4fa0f342c530	37.377	-120.43							2018-09-14T00:00:00Z	14	9	2018	5231190	5231190	HUMAN_OBSERVATION	CLO	EBIRD	OBS657157483				CC0_1_0		obsr670978			2019-09-21T01:03:22.366Z		
2210201913	4fa7b334-ce0d-4e88-aaae-2e0c138d049e	URN:catalog:CLO:EBIRD:OBS657157472	Animalia	Chordata	Aves	Pelecaniformes	Ardeidae	Ardea	Ardea alba		SPECIES	Ardea alba Linnaeus, 1758	Ardea alba		US	Lake Yosemite	California		1	e2e717bf-551a-4917-bdc9-4fa0f342c530	37.377	-120.43							2018-09-14T00:00:00Z	14	9	2018	9752617	9752617	HUMAN_OBSERVATION	CLO	EBIRD	OBS657157472				CC0_1_0		obsr670978			2019-09-20T16:12:32.304Z		
2210201263	4fa7b334-ce0d-4e88-aaae-2e0c138d049e	URN:catalog:CLO:EBIRD:OBS657157452	Animalia	Chordata	Aves	Pelecaniformes	Ardeidae	Ardea	Ardea herodias		SPECIES	Ardea herodias Linnaeus, 1758	Ardea herodias		US	Lake Yosemite	California		1	e2e717bf-551a-4917-bdc9-4fa0f342c530	37.377	-120.43							2018-09-14T00:00:00Z	14	9	2018	9630752	9630752	HUMAN_OBSERVATION	CLO	EBIRD	OBS657157452				CC0_1_0		obsr670978			2019-09-20T16:13:09.171Z		
2209903691	4fa7b334-ce0d-4e88-aaae-2e0c138d049e	URN:catalog:CLO:EBIRD:OBS670037867	Animalia	Chordata	Aves	Podicipediformes	Podicipedidae	Podilymbus	Podilymbus podiceps		SPECIES	Podilymbus podiceps (Linnaeus, 1758)	Podilymbus podiceps		US	Lake Yosemite Co. Park	California		2	e2e717bf-551a-4917-bdc9-4fa0f342c530	37.37125	-120.42867							2018-10-24T00:00:00Z	24	10	2018	2482077	2482077	HUMAN_OBSERVATION	CLO	EBIRD	OBS670037867				CC0_1_0		obsr144128			2019-09-21T00:08:31.849Z		
2209899311	4fa7b334-ce0d-4e88-aaae-2e0c138d049e	URN:catalog:CLO:EBIRD:OBS670037863	Animalia	Chordata	Aves	Passeriformes	Emberizidae	Passerculus	Passerculus sandwichensis		SPECIES	Passerculus sandwichensis (J.F.Gmelin, 1789)	Passerculus sandwichensis		US	Lake Yosemite Co. Park	California		1	e2e717bf-551a-4917-bdc9-4fa0f342c530	37.37125	-120.42867							2018-10-24T00:00:00Z	24	10	2018	5231142	5231142	HUMAN_OBSERVATION	CLO	EBIRD	OBS670037863				CC0_1_0		obsr144128			2019-09-20T23:25:31.427Z		
2209899008	4fa7b334-ce0d-4e88-aaae-2e0c138d049e	URN:catalog:CLO:EBIRD:OBS670037869	Animalia	Chordata	Aves	Passeriformes	Fringillidae	Haemorhous	Haemorhous mexicanus		SPECIES	Haemorhous mexicanus (P.L.Statius Müller, 1776)	Haemorhous mexicanus		US	Lake Yosemite Co. Park	California		1	e2e717bf-551a-4917-bdc9-4fa0f342c530	37.37125	-120.42867							2018-10-24T00:00:00Z	24	10	2018	8323485	8323485	HUMAN_OBSERVATION	CLO	EBIRD	OBS670037869				CC0_1_0		obsr144128			2019-09-20T19:05:33.701Z		
2209894371	4fa7b334-ce0d-4e88-aaae-2e0c138d049e	URN:catalog:CLO:EBIRD:OBS670037875	Animalia	Chordata	Aves	Passeriformes	Corvidae	Aphelocoma	Aphelocoma californica		SPECIES	Aphelocoma californica (Vigors, 1839)	Aphelocoma californica		US	Lake Yosemite Co. Park	California		2	e2e717bf-551a-4917-bdc9-4fa0f342c530	37.37125	-120.42867							2018-10-24T00:00:00Z	24	10	2018	2482414	2482414	HUMAN_OBSERVATION	CLO	EBIRD	OBS670037875				CC0_1_0		obsr144128			2019-09-20T15:43:10.600Z		
2209883430	4fa7b334-ce0d-4e88-aaae-2e0c138d049e	URN:catalog:CLO:EBIRD:OBS670029682	Animalia	Chordata	Aves	Passeriformes	Emberizidae	Passerculus	Passerculus sandwichensis		SPECIES	Passerculus sandwichensis (J.F.Gmelin, 1789)	Passerculus sandwichensis		US	Lake Yosemite--west shore	California		3	e2e717bf-551a-4917-bdc9-4fa0f342c530	37.375239	-120.438051							2018-10-24T00:00:00Z	24	10	2018	5231142	5231142	HUMAN_OBSERVATION	CLO	EBIRD	OBS670029682				CC0_1_0		obsr144128			2019-09-20T23:25:31.076Z		COORDINATE_ROUNDED
