otu_id	^ncbi:taxon	^ncbi:title	^skos:prefLabel	^ot:ottTaxonName	^ot:taxonLink	^ncbi:TaxonName	^physcraper:TaxonName	^physcraper:status	^ot:ottId	^ncbi:accession	^ot:originalLabel	^ncbi:gi	^physcraper:last_blasted
otuPS203	1196445	gi|1393545181|ref|NG_058655.1| Brunneodinemasporium brasiliense CBS 112007 28S rRNA gene, partial sequence; from TYPE material	-	Brunneodinemasporium brasiliense	-	Brunneodinemasporium_brasiliense	Brunneodinemasporium_brasiliense	subsequence, not added	209299	NG_058655.1	-	1393545181	None
otuPS48	2081989	gi|1473265586|gb|MH878530.1| Chloridium botryoideum var. botryoideum strain CBS 259.76 large subunit ribosomal RNA gene, partial sequence	-	None	-	Chloridium_botryoideum_var._botryoideum	Chloridium_botryoideum_var._botryoideum	new	None	MH878530.1	-	1473265586	None
otuPS49	1940706	gi|1393564651|ref|NG_058879.1| Calvolachnella guaviyunis 28S rRNA gene, partial sequence; from TYPE material	-	None	-	Calvolachnella_guaviyunis	Calvolachnella_guaviyunis	new	None	NG_058879.1	-	1393564651	None
otuPS46	2593053	gi|1699503302|gb|MK165442.1| Chaetosphaeriaceae sp. JG-2019b isolate YMF1.4260 28S ribosomal RNA gene, partial sequence	-	None	-	Chaetosphaeriaceae_sp._JG-2019b	Chaetosphaeriaceae_sp._JG-2019b	new	None	MK165442.1	-	1699503302	None
otuPS47	557720	gi|1473263630|gb|MH876574.1| Chloridium virescens strain CBS 128850 large subunit ribosomal RNA gene, partial sequence	-	None	-	Chloridium_virescens	Chloridium_virescens	new	None	MH876574.1	-	1473263630	None
otuPS44	1564434	gi|702102071|gb|KM242338.1| Chaetosphaeria sp. INBio_4509J internal transcribed spacer 1, partial sequence; 5.8S ribosomal RNA gene and internal transcribed spacer 2, complete sequence; and 28S ribosomal RNA gene, partial sequence	-	Chaetosphaeria sp. INBio_4509J	-	Chaetosphaeria_sp._INBio_4509J	Chaetosphaeria_sp._INBio_4509J	new	5708477	KM242338.1	-	702102071	None
otuPS45	153155	gi|18460919|gb|AY017372.1| Chaetosphaeria chalaroides 28S ribosomal RNA gene, partial sequence	-	Chaetosphaeria chalaroides	-	Chaetosphaeria_chalaroides	Chaetosphaeria_chalaroides	new	352348	AY017372.1	-	18460919	None
otuPS42	858408	gi|312178767|gb|HM171322.1| Rattania setulifera strain GUFCC 15501 28S ribosomal RNA gene, partial sequence	-	Rattania setulifera	-	Rattania_setulifera	Rattania_setulifera	subsequence, not added	63948	HM171322.1	-	312178767	None
otuPS43	92900	gi|11385334|gb|AF178550.1| Chaetosphaeria vermicularioides strain MR 1148 internal transcribed spacer 1, partial sequence; 5.8S ribosomal RNA gene and internal transcribed spacer 2, complete sequence; and 28S ribosomal RNA gene, partial sequence	-	Chaetosphaeria vermicularioides	-	Chaetosphaeria_vermicularioides	Chaetosphaeria_vermicularioides	new	597718	AF178550.1	-	11385334	None
otuPS40	2316379	gi|1475721566|gb|MH883030.1| Sporoschisma sp. strain MFLUCC 18-0703 large subunit ribosomal RNA gene, partial sequence	-	None	-	Sporoschisma_sp.	Sporoschisma_sp.	new	None	MH883030.1	-	1475721566	None
otuPS41	197722	gi|31621178|gb|AF466071.1| Chaetosphaeria lateriphiala strain SMH 3294 large subunit ribosomal RNA gene, partial sequence	-	Chaetosphaeria lateriphiala	-	Chaetosphaeria_lateriphiala	Chaetosphaeria_lateriphiala	new	943811	AF466071.1	-	31621178	None
otuPS186	197735	gi|31621193|gb|AF466086.1| Melanopsammella vermicularioides strain SMH 3883 large subunit ribosomal RNA gene, partial sequence	-	Chaetosphaeria vermicularioides	-	Melanopsammella_vermicularioides	Melanopsammella_vermicularioides	new	597718	AF466086.1	-	31621193	None
otuPS187	1499100	gi|806637354|dbj|AB934058.1| Pseudolachnella longiciliata gene for 28S ribosomal RNA, partial sequence, specimen_voucher: HHUF:29966	-	Pseudolachnella longiciliata	-	Pseudolachnella_longiciliata	Pseudolachnella_longiciliata	subsequence, not added	4054431	AB934058.1	-	806637354	None
otuPS184	2015174	gi|1393564789|ref|NG_059017.1| Chaetosphaeria garethjonesii MFLUCC 15-1012 28S rRNA gene, partial sequence; from TYPE material	-	None	-	Chaetosphaeria_garethjonesii	Chaetosphaeria_garethjonesii	new	None	NG_059017.1	-	1393564789	None
otuPS185	1499101	gi|806637358|dbj|AB934062.1| Pseudolachnella scolecospora gene for 28S ribosomal RNA, partial sequence, specimen_voucher: HHUF:30268	-	Pseudolachnea scolecospora	-	Pseudolachnella_scolecospora	Pseudolachnella_scolecospora	new	4054441	AB934062.1	-	806637358	None
otuPS182	1866870	gi|604181173|gb|KF833364.1| Sporoschisma hemipsilum isolate PE 0177-21c ana 28S large subunit ribosomal RNA gene, partial sequence	-	Sporoschisma hemipsila	-	Sporoschisma_hemipsilum	Sporoschisma_hemipsilum	new	6379440	KF833364.1	-	604181173	None
otuPS183	698436	gi|270312276|gb|GU188583.1| Melanops sp. O2b_PD002 28S ribosomal RNA gene, partial sequence	-	Melanops sp. O2b_PD002	-	Melanops_sp._O2b_PD002	Melanops_sp._O2b_PD002	new	449017	GU188583.1	-	270312276	None
otuPS180	1196451	gi|1393629770|ref|NG_059109.1| Dinemasporium polygonum CBS 516.95 28S rRNA gene, partial sequence; from TYPE material	-	Dinemasporium polygonum	-	Dinemasporium_polygonum	Dinemasporium_polygonum	subsequence, not added	1029184	NG_059109.1	-	1393629770	None
otuPS181	2419686	gi|1483693861|gb|MG813820.1| Chaetosphaeria mangrovei voucher MCD 069 28S ribosomal RNA gene, partial sequence	-	None	-	Chaetosphaeria_mangrovei	Chaetosphaeria_mangrovei	new	None	MG813820.1	-	1483693861	None
otuPS157	2075025	gi|1473258024|gb|MH870968.1| Gonytrichum macrocladum strain CBS 875.68 large subunit ribosomal RNA gene, partial sequence	-	None	-	Gonytrichum_macrocladum	Gonytrichum_macrocladum	new	None	MH870968.1	-	1473258024	None
otuPS188	2082110	gi|1473255861|gb|MH868805.1| Chloridium virescens var. caudigerum strain CBS 141.54 large subunit ribosomal RNA gene, partial sequence	-	None	-	Chloridium_virescens_var._caudigerum	Chloridium_virescens_var._caudigerum	new	None	MH868805.1	-	1473255861	None
otuPS189	1196452	gi|1473263077|gb|MH876021.1| Dinemasporium pseudoindicum strain CBS 127402 large subunit ribosomal RNA gene, partial sequence	-	Dinemasporium pseudoindicum	-	Dinemasporium_pseudoindicum	Dinemasporium_pseudoindicum	new	1029200	MH876021.1	-	1473263077	None
otuPS209	2303000	gi|1450315138|gb|MH758209.1| Nawawia filiformis voucher MFLU:18-1500 large subunit ribosomal RNA gene, partial sequence	-	None	-	Nawawia_filiformis	Nawawia_filiformis	subsequence, not added	None	MH758209.1	-	1450315138	None
otuPS108	1196449	gi|1473264535|gb|MH877479.1| Dinemasporium strigosum strain CBS 132487 large subunit ribosomal RNA gene, partial sequence	-	Phomatospora dinemasporium	-	Dinemasporium_strigosum	Dinemasporium_strigosum	new	509899	MH877479.1	-	1473264535	None
otuPS109	139962	gi|11385328|gb|AF178544.1| Chloridium lignicola strain CBS 143.54 internal transcribed spacer 1, partial sequence; 5.8S ribosomal RNA gene and internal transcribed spacer 2, complete sequence; and 28S ribosomal RNA gene, partial sequence >gi|1473244329|gb|MH857273.1| Chloridium lignicola strain CBS 143.54 internal transcribed spacer 1, partial sequence; 5.8S ribosomal RNA gene and internal transcribed spacer 2, complete sequence; and large subunit ribosomal RNA gene, partial sequence	-	Chloridium lignicola	-	Chloridium_lignicola	Chloridium_lignicola	new	300282	AF178544.1	-	11385328	None
otuPS106	796322	gi|1473261782|gb|MH874726.1| Chaetosphaeria ciliata strain CBS 122131 large subunit ribosomal RNA gene, partial sequence	-	Chaetosphaeria ciliata	-	Chaetosphaeria_ciliata	Chaetosphaeria_ciliata	new	420569	MH874726.1	-	1473261782	None
otuPS107	1866870	gi|1151124924|gb|KX455862.1| Sporoschisma hemipsilum strain DLUCC 0700 28S ribosomal RNA gene, partial sequence	-	Sporoschisma hemipsila	-	Sporoschisma_hemipsilum	Sporoschisma_hemipsilum	subsequence, not added	6379440	KX455862.1	-	1151124924	None
otuPS104	1196455	gi|806637342|dbj|AB934046.1| Pseudolachnea fraxini gene for 28S ribosomal RNA, partial sequence, specimen_voucher: HHUF:30116	-	Pseudolachnea fraxini	-	Pseudolachnea_fraxini	Pseudolachnea_fraxini	new	1029202	AB934046.1	-	806637342	None
otuPS105	1196455	gi|806637341|dbj|AB934045.1| Pseudolachnea fraxini gene for 28S ribosomal RNA, partial sequence, specimen_voucher: HHUF:28762	-	Pseudolachnea fraxini	-	Pseudolachnea_fraxini	Pseudolachnea_fraxini	new	1029202	AB934045.1	-	806637341	None
otuPS102	2082130	gi|1473259207|gb|MH872151.1| Gonytrichum caesium var. chloridioides strain CBS 129.72 large subunit ribosomal RNA gene, partial sequence	-	None	-	Gonytrichum_caesium_var._chloridioides	Gonytrichum_caesium_var._chloridioides	new	None	MH872151.1	-	1473259207	None
otuPS103	415603	gi|119352227|gb|EF113980.1| Infundibulomyces sp. NR-2006a 28S ribosomal RNA gene, partial sequence	-	Infundibulomyces sp. NR-2006a	-	Infundibulomyces_sp._NR-2006a	Infundibulomyces_sp._NR-2006a	new	70735	EF113980.1	-	119352227	None
otuPS100	1499100	gi|806637355|dbj|AB934059.1| Pseudolachnella longiciliata gene for 28S ribosomal RNA, partial sequence, specimen_voucher: HHUF:29972	-	Pseudolachnella longiciliata	-	Pseudolachnella_longiciliata	Pseudolachnella_longiciliata	subsequence, not added	4054431	AB934059.1	-	806637355	None
otuPS101	409260	gi|1473257745|gb|MH870689.1| Chloridium virescens var. chlamydosporum strain CBS 345.67 large subunit ribosomal RNA gene, partial sequence	-	Chaetosphaeria vermicularioides	-	Chloridium_virescens_var._chlamydosporum	Chloridium_virescens_var._chlamydosporum	new	597718	MH870689.1	-	1473257745	None
otuPS167	1446411	gi|806637335|dbj|AB934039.1| Dinemasporium cruciferum gene for 28S ribosomal RNA, partial sequence, specimen_voucher: HHUF:30001	-	Stauronema cruciferum	-	Dinemasporium_cruciferum	Dinemasporium_cruciferum	new	4091539	AB934039.1	-	806637335	None
otuPS218	197722	gi|31621177|gb|AF466070.1| Chaetosphaeria lateriphiala strain SMH 2629-1 large subunit ribosomal RNA gene, partial sequence	-	Chaetosphaeria lateriphiala	-	Chaetosphaeria_lateriphiala	Chaetosphaeria_lateriphiala	new	943811	AF466070.1	-	31621177	None
otuPS199	146324	gi|12025104|gb|AF279421.1|AF279421 Melanochaeta sp. 8 large subunit ribosomal RNA gene, partial sequence	-	Melanochaeta sp. 8	-	Melanochaeta_sp._8	Melanochaeta_sp._8	new	764582	AF279421.1	-	12025104	None
otuPS111	2081989	gi|1473265587|gb|MH878531.1| Chloridium botryoideum var. botryoideum strain CBS 246.76 large subunit ribosomal RNA gene, partial sequence	-	None	-	Chloridium_botryoideum_var._botryoideum	Chloridium_botryoideum_var._botryoideum	new	None	MH878531.1	-	1473265587	None
otuPS39	139940	gi|11385333|gb|AF178549.1| Chaetosphaeria hebetiseta strain MR 938 internal transcribed spacer 1, partial sequence; 5.8S ribosomal RNA gene and internal transcribed spacer 2, complete sequence; and 28S ribosomal RNA gene, partial sequence	-	Chaetosphaeria hebetiseta	-	Chaetosphaeria_hebetiseta	Chaetosphaeria_hebetiseta	new	250255	AF178549.1	-	11385333	None
otuPS38	197718	gi|31621168|gb|AF466061.1| Chaetosphaeria capitata large subunit ribosomal RNA gene, partial sequence	-	Chaetosphaeria capitata	-	Chaetosphaeria_capitata	Chaetosphaeria_capitata	seq otuPS38 is supersequence of original seq Tl805464, both kept in alignment 	418010	AF466061.1	-	31621168	None
otuPS207	2075150	gi|1473257806|gb|MH870750.1| Menispora caesia strain CBS 483.67 large subunit ribosomal RNA gene, partial sequence	-	None	-	Menispora_caesia	Menispora_caesia	new	None	MH870750.1	-	1473257806	None
otuPS33	426109	gi|126506447|gb|EF063574.1| Chaetosphaeria fuegiana 28S ribosomal RNA gene, partial sequence	-	Chaetosphaeria fuegiana	-	Chaetosphaeria_fuegiana	Chaetosphaeria_fuegiana	seq otuPS33 is supersequence of original seq Tl805478, both kept in alignment 	1088172	EF063574.1	-	126506447	None
otuPS32	1866870	gi|1151124923|gb|KX455861.1| Sporoschisma hemipsilum strain KUMCC 15-0489 28S ribosomal RNA gene, partial sequence	-	Sporoschisma hemipsila	-	Sporoschisma_hemipsilum	Sporoschisma_hemipsilum	deleted, otuPS55 is supersequence 	6379440	KX455861.1	-	1151124923	None
otuPS31	139949	gi|11385335|gb|AF178551.1| Chaetosphaeria innumera strain MR 1175 internal transcribed spacer 1, partial sequence; 5.8S ribosomal RNA gene and internal transcribed spacer 2, complete sequence; and 28S ribosomal RNA gene, partial sequence	-	Chaetosphaeria innumera	-	Chaetosphaeria_innumera	Chaetosphaeria_innumera	new	250265	AF178551.1	-	11385335	None
otuPS30	1866870	gi|190683999|gb|EU583217.1| Melanochaeta hemipsila strain GKM1112 large subunit ribosomal RNA gene, partial sequence	-	Sporoschisma hemipsila	-	Sporoschisma_hemipsilum	Sporoschisma_hemipsilum	new	6379440	EU583217.1	-	190683999	None
otuPS37	139954	gi|31621184|gb|AF466077.1| Chaetosphaeria pygmaea large subunit ribosomal RNA gene, partial sequence	-	Chaetosphaeria pygmaea	-	Chaetosphaeria_pygmaea	Chaetosphaeria_pygmaea	new	773199	AF466077.1	-	31621184	None
otuPS36	1764025	gi|1104861105|dbj|LC100028.1| Pseudolachnella brevifusiformis gene for 28S ribosomal RNA, partial sequence, strain: KT3536	-	None	-	Pseudolachnella_brevifusiformis	Pseudolachnella_brevifusiformis	subsequence, not added	None	LC100028.1	-	1104861105	None
otuPS35	2015176	gi|1395446880|ref|NG_059767.1| Thozetella fabacearum MFLU 16-1021 28S rRNA gene, partial sequence; from TYPE material	-	None	-	Thozetella_fabacearum	Thozetella_fabacearum	new	None	NG_059767.1	-	1395446880	None
otuPS34	149038	gi|1473260627|gb|MH873571.1| Phialocephala fusca strain CBS 301.85 large subunit ribosomal RNA gene, partial sequence	-	Phialocephala fusca	-	Phialocephala_fusca	Phialocephala_fusca	new	417614	MH873571.1	-	1473260627	None
otuPS219	1896340	gi|1189355231|gb|KX227616.1| Chaetosphaeriaceae sp. isolate PPM4264 28S large subunit ribosomal RNA gene, partial sequence	-	None	-	Chaetosphaeriaceae_sp.	Chaetosphaeriaceae_sp.	subsequence, not added	None	KX227616.1	-	1189355231	None
otuPS115	149038	gi|1473260626|gb|MH873570.1| Phialocephala fusca strain CBS 300.85 large subunit ribosomal RNA gene, partial sequence	-	Phialocephala fusca	-	Phialocephala_fusca	Phialocephala_fusca	new	417614	MH873570.1	-	1473260626	None
otuPS114	1499097	gi|806637343|dbj|AB934047.1| Pseudolachnea hispidula gene for 28S ribosomal RNA, partial sequence, specimen_voucher: HHUF:30117	-	Pseudolachnea hispidula	-	Pseudolachnea_hispidula	Pseudolachnea_hispidula	seq otuPS114 is supersequence of otuPS29, otuPS114 added and otuPS29 removed 	4054449	AB934047.1	-	806637343	None
Tl805436	1196453	-	-	Dinemasporium morbidum	-	-	-	original	637763	-	Dinemasporium morbidum CBS 129.66	-	None
otuPS110	153156	gi|18460920|gb|AY017373.1| Chaetosphaeria cylindrospora 28S ribosomal RNA gene, partial sequence	-	Chaetosphaeria cylindrospora	-	Chaetosphaeria_cylindrospora	Chaetosphaeria_cylindrospora	new	1013774	AY017373.1	-	18460920	None
Tl805434	1196445	-	-	Brunneodinemasporium brasiliense	-	-	-	original	209299	-	Brunneodinemasporium brasiliense CBS 112007	-	None
otuPS112	175245	gi|254527850|emb|FN298748.1| Uncultured fungus genomic DNA sequence containing ITS1, 5.8S rRNA gene, ITS2 and 28S rRNA gene, isolate Ch68_L3609b	-	uncultured fungus	-	uncultured_fungus	uncultured_fungus	new	5985919	FN298748.1	-	254527850	None
Tl805432	1196452	-	-	Dinemasporium pseudoindicum	-	-	-	original	1029200	-	Dinemasporium pseudoindicum CBS 127402	-	None
Tl805433	139964	-	-	Dictyochaetopsis gonytrichoides	{u'@ubio': u'3348485', u'@uniprot': u'139964', u'@tb:identifier.taxonVariant': 15958, u'@tb:identifier.taxon': 6583}	-	-	original	300280	-	Codinaeopsis gonytrichoides AF178556	-	None
otuPS117	1196453	gi|390133101|gb|JQ889297.1| Dinemasporium morbidum 28S ribosomal RNA gene, partial sequence	-	Dinemasporium morbidum	-	Dinemasporium_morbidum	Dinemasporium_morbidum	subsequence, not added	637763	JQ889297.1	-	390133101	None
Tl805431	1196448	-	-	Dinemasporium pseudostrigosum	-	-	-	original	509897	-	Dinemasporium pseudostrigosum CBS 717.85	-	None
otuPS119	1638663	gi|806637338|dbj|AB934042.1| Neopseudolachnella magnispora gene for 28S ribosomal RNA, partial sequence, specimen_voucher: HHUF:29977	-	Neopseudolachnella magnispora	-	Neopseudolachnella_magnispora	Neopseudolachnella_magnispora	new	5708492	AB934042.1	-	806637338	None
otuPS118	2082111	gi|1473265347|gb|MH878291.1| Chloridium virescens var. virescens strain CBS 239.75B large subunit ribosomal RNA gene, partial sequence	-	None	-	Chloridium_virescens_var._virescens	Chloridium_virescens_var._virescens	new	None	MH878291.1	-	1473265347	None
otuPS116	260530	gi|1473262096|gb|MH875040.1| Chaetosphaeria curvispora strain CBS 125555 large subunit ribosomal RNA gene, partial sequence	-	Chaetosphaeria curvispora	-	Chaetosphaeria_curvispora	Chaetosphaeria_curvispora	new	95328	MH875040.1	-	1473262096	None
otuPS227	1962432	gi|1151124920|gb|KX455858.1| Sporoschisma taitense strain KUMCC 15-0241 28S ribosomal RNA gene, partial sequence	-	None	-	Sporoschisma_taitense	Sporoschisma_taitense	subsequence, not added	None	KX455858.1	-	1151124920	None
otuPS208	1638663	gi|1395446518|ref|NG_059405.1| Neopseudolachnella magnispora HHUF 29977 28S rRNA gene, partial sequence; from TYPE material	-	Neopseudolachnella magnispora	-	Neopseudolachnella_magnispora	Neopseudolachnella_magnispora	subsequence, not added	5708492	NG_059405.1	-	1395446518	None
otuPS211	1095343	gi|1473257616|gb|MH870560.1| Phialocephala humicola strain CBS 601.66 large subunit ribosomal RNA gene, partial sequence	-	Phialocephala humicola	-	Phialocephala_humicola	Phialocephala_humicola	new	17790	MH870560.1	-	1473257616	None
otuPS28	375413	gi|89355902|gb|DQ408563.1| Ellisembia brachypus 28S ribosomal RNA gene, partial sequence	-	Ellisembia brachypus	-	Ellisembia_brachypus	Ellisembia_brachypus	subsequence, not added	1008023	DQ408563.1	-	89355902	None
otuPS29	1499097	gi|1569651675|gb|MG812626.1| Pseudolachnea hispidula strain MFLUCC 17-1238 28S ribosomal RNA gene, partial sequence	-	Pseudolachnea hispidula	-	Pseudolachnea_hispidula	Pseudolachnea_hispidula	deleted, otuPS114 is supersequence 	4054449	MG812626.1	-	1569651675	None
otuPS113	1196583	gi|390133093|gb|JQ889289.1| Dendrophoma cytisporoides strain CBS 223.95 28S ribosomal RNA gene, partial sequence	-	Dendrophoma cytisporoides	-	Dendrophoma_cytisporoides	Dendrophoma_cytisporoides	subsequence, not added	590921	JQ889289.1	-	390133093	None
otuPS20	139948	gi|11385348|gb|AF178564.1| Chaetosphaeria inaequalis strain MR 1450 internal transcribed spacer 1, partial sequence; 5.8S ribosomal RNA gene and internal transcribed spacer 2, complete sequence; and 28S ribosomal RNA gene, partial sequence	-	Chaetosphaeria inaequalis	-	Chaetosphaeria_inaequalis	Chaetosphaeria_inaequalis	new	250264	AF178564.1	-	11385348	None
otuPS21	796322	gi|304272492|gb|GU180637.1| Chaetosphaeria ciliata strain ICMP 18253 28S ribosomal RNA gene, partial sequence	-	Chaetosphaeria ciliata	-	Chaetosphaeria_ciliata	Chaetosphaeria_ciliata	seq otuPS21 is supersequence of original seq Tl805459, both kept in alignment 	420569	GU180637.1	-	304272492	None
otuPS22	139953	gi|31621197|gb|AF466090.1| Zignoella pulviscula strain MUCL 15710 large subunit ribosomal RNA gene, partial sequence	-	Chaetosphaeria pulviscula	-	Zignoella_pulviscula	Zignoella_pulviscula	seq otuPS22 is supersequence of original seq Tl805460, both kept in alignment 	773200	AF466090.1	-	31621197	None
otuPS23	146323	gi|12025103|gb|AF279420.1|AF279420 Melanochaeta sp. 2 large subunit ribosomal RNA gene, partial sequence	-	Melanochaeta sp. 2	-	Melanochaeta_sp._2	Melanochaeta_sp._2	new	764574	AF279420.1	-	12025103	None
otuPS24	197725	gi|31621181|gb|AF466074.1| Chaetosphaeria luquillensis large subunit ribosomal RNA gene, partial sequence	-	Chaetosphaeria luquillensis	-	Chaetosphaeria_luquillensis	Chaetosphaeria_luquillensis	seq otuPS24 is supersequence of original seq Tl805454, both kept in alignment 	943806	AF466074.1	-	31621181	None
otuPS25	1196453	gi|1393629771|ref|NG_059110.1| Dinemasporium morbidum CBS 129.66 28S rRNA gene, partial sequence; from TYPE material	-	Dinemasporium morbidum	-	Dinemasporium_morbidum	Dinemasporium_morbidum	subsequence, not added	637763	NG_059110.1	-	1393629771	None
otuPS26	1764025	gi|1104861107|dbj|LC100029.1| Pseudolachnella brevifusiformis gene for 28S ribosomal RNA, partial sequence, strain: KT3537	-	None	-	Pseudolachnella_brevifusiformis	Pseudolachnella_brevifusiformis	new	None	LC100029.1	-	1104861107	None
otuPS27	139946	gi|11385346|gb|AF178562.1| Chaetosphaeria fennica strain CBS 101641 internal transcribed spacer 1, partial sequence; 5.8S ribosomal RNA gene and internal transcribed spacer 2, complete sequence; and 28S ribosomal RNA gene, partial sequence	-	Chaetosphaeria fennica	-	Chaetosphaeria_fennica	Chaetosphaeria_fennica	new	250262	AF178562.1	-	11385346	None
otuPS142	1866870	gi|604181171|gb|KF833362.1| Sporoschisma hemipsilum isolate PE 0177-21a teleo 28S large subunit ribosomal RNA gene, partial sequence	-	Sporoschisma hemipsila	-	Sporoschisma_hemipsilum	Sporoschisma_hemipsilum	seq otuPS142 is supersequence of otuPS133, otuPS142 added and otuPS133 removed 	6379440	KF833362.1	-	604181171	None
otuPS202	139947	gi|11385338|gb|AF178554.1| Chaetosphaeria fusiformis strain CBS 101429 internal transcribed spacer 1, partial sequence; 5.8S ribosomal RNA gene and internal transcribed spacer 2, complete sequence; and 28S ribosomal RNA gene, partial sequence	-	Chaetosphaeria fusiformis	-	Chaetosphaeria_fusiformis	Chaetosphaeria_fusiformis	new	250263	AF178554.1	-	11385338	None
otuPS192	1866870	gi|604181172|gb|KF833363.1| Sporoschisma hemipsilum isolate PE 0177-21b teleo 28S large subunit ribosomal RNA gene, partial sequence	-	Sporoschisma hemipsila	-	Sporoschisma_hemipsilum	Sporoschisma_hemipsilum	new	6379440	KF833363.1	-	604181172	None
otuPS234	1866870	gi|31621191|gb|AF466084.1| Melanochaeta hemipsila strain SMH 3251 large subunit ribosomal RNA gene, partial sequence	-	Sporoschisma hemipsila	-	Sporoschisma_hemipsilum	Sporoschisma_hemipsilum	new	6379440	AF466084.1	-	31621191	None
otuPS230	2075024	gi|1473259681|gb|MH872625.1| Gonytrichum caesium strain CBS 696.74 large subunit ribosomal RNA gene, partial sequence	-	None	-	Gonytrichum_caesium	Gonytrichum_caesium	new	None	MH872625.1	-	1473259681	None
Tl805424	1196450	-	-	Dinemasporium americana	-	-	-	original	1029188	-	Dinemasporium americana CBS 127127	-	None
otuPS232	752604	gi|1211132524|gb|KX609954.1| Menisporopsis theobromae strain MFLUCC 15-0055 28S ribosomal RNA gene, partial sequence	-	Menisporopsis theobromae	-	Menisporopsis_theobromae	Menisporopsis_theobromae	new	95843	KX609954.1	-	1211132524	None
otuPS233	2075025	gi|1473256045|gb|MH868989.1| Gonytrichum macrocladum strain CBS 201.55 large subunit ribosomal RNA gene, partial sequence	-	None	-	Gonytrichum_macrocladum	Gonytrichum_macrocladum	new	None	MH868989.1	-	1473256045	None
otuPS164	2107962	gi|1382280255|gb|MH250050.1| Pyrigemmula sp. strain BCC28210 large subunit ribosomal RNA gene, partial sequence	-	None	-	Pyrigemmula_sp.	Pyrigemmula_sp.	new	None	MH250050.1	-	1382280255	None
otuPS165	2015176	gi|1215379318|gb|KY212762.1| Thozetella fabacearum 28S large subunit RNA gene, partial sequence	-	None	-	Thozetella_fabacearum	Thozetella_fabacearum	subsequence, not added	None	KY212762.1	-	1215379318	None
otuPS166	2485546	gi|1518371096|gb|MH376740.1| Thozetella pandanicola voucher MFLUCC 16-0253 28S large subunit ribosomal RNA gene, partial sequence	-	None	-	Thozetella_pandanicola	Thozetella_pandanicola	new	None	MH376740.1	-	1518371096	None
otuPS141	1196450	gi|390133094|gb|JQ889290.1| Dinemasporium americana strain CBS 127127 28S ribosomal RNA gene, partial sequence	-	Dinemasporium americana	-	Dinemasporium_americana	Dinemasporium_americana	subsequence, not added	1029188	JQ889290.1	-	390133094	None
otuPS160	557972	gi|203285486|gb|EU825200.1| Thozetella nivea 28S ribosomal RNA gene, partial sequence	-	Thozetella nivea	-	Thozetella_nivea	Thozetella_nivea	subsequence, not added	169746	EU825200.1	-	203285486	None
otuPS161	1499102	gi|806637360|dbj|AB934064.1| Pseudolachnella yakushimensis gene for 28S ribosomal RNA, partial sequence, specimen_voucher: HHUF:29996	-	Pseudolachnella yakushimensis	-	Pseudolachnella_yakushimensis	Pseudolachnella_yakushimensis	seq otuPS161 is supersequence of otuPS82, otuPS161 added and otuPS82 removed 	5291932	AB934064.1	-	806637360	None
otuPS162	1866871	gi|1395446813|ref|NG_059700.1| Sporoschisma longicatenatum MFLU 16-1325 28S rRNA gene, partial sequence; from TYPE material	-	Sporoschisma sp. JY-2016a	-	Sporoschisma_longicatenatum	Sporoschisma_longicatenatum	subsequence, not added	6379441	NG_059700.1	-	1395446813	None
otuPS163	1764025	gi|1395446920|ref|NG_059807.1| Pseudolachnella brevifusiformis HHUF 30495 28S rRNA gene, partial sequence; from TYPE material	-	None	-	Pseudolachnella_brevifusiformis	Pseudolachnella_brevifusiformis	subsequence, not added	None	NG_059807.1	-	1395446920	None
otuPS225	1843292	gi|1042510231|gb|KX163087.1| Dinemasporium sp. MFLU 15-1295 28S ribosomal RNA gene, partial sequence	-	Dinemasporium sp. MFLU 15-1295	-	Dinemasporium_sp._MFLU_15-1295	Dinemasporium_sp._MFLU_15-1295	new seq added; subsequence of Tl805424, but different taxon	6380432	KX163087.1	-	1042510231	None
otuPS146	1196451	gi|390133096|gb|JQ889292.1| Dinemasporium polygonum strain CBS 516.95 28S ribosomal RNA gene, partial sequence	-	Dinemasporium polygonum	-	Dinemasporium_polygonum	Dinemasporium_polygonum	subsequence, not added	1029184	JQ889292.1	-	390133096	None
otuPS168	2588912	gi|1682069142|gb|MK876451.1| Thozetella sp. JZG-2019a culture CBS:145534 28S ribosomal RNA gene, partial sequence	-	None	-	Thozetella_sp._JZG-2019a	Thozetella_sp._JZG-2019a	new	None	MK876451.1	-	1682069142	None
otuPS169	156753	gi|13661552|gb|AF261069.1|AF261069 Umbrinosphaeria caesariata large subunit ribosomal RNA gene, partial sequence	-	Umbrinosphaeria caesariata	-	Umbrinosphaeria_caesariata	Umbrinosphaeria_caesariata	subsequence, not added	1026125	AF261069.1	-	13661552	None
otuPS147	2015262	gi|1393629803|ref|NG_059142.1| Dictyochaeta siamensis MFLU 15-1149 28S rRNA gene, partial sequence; from TYPE material	-	None	-	Dictyochaeta_siamensis	Dictyochaeta_siamensis	subsequence, not added	None	NG_059142.1	-	1393629803	None
otuPS144	1638658	gi|806637349|dbj|AB934053.1| Pseudolachnella campylospora gene for 28S ribosomal RNA, partial sequence, specimen_voucher: HHUF:30002	-	Pseudolachnella campylospora	-	Pseudolachnella_campylospora	Pseudolachnella_campylospora	new seq added; subsequence of otuPS79, but different taxon	5694572	AB934053.1	-	806637349	None
otuPS200	1499100	gi|806637356|dbj|AB934060.1| Pseudolachnella longiciliata gene for 28S ribosomal RNA, partial sequence, specimen_voucher: HHUF:27528	-	Pseudolachnella longiciliata	-	Pseudolachnella_longiciliata	Pseudolachnella_longiciliata	subsequence, not added	4054431	AB934060.1	-	806637356	None
otuPS145	1866870	gi|190684000|gb|EU583218.1| Melanochaeta hemipsila strain GKM1247 large subunit ribosomal RNA gene, partial sequence	-	Sporoschisma hemipsila	-	Sporoschisma_hemipsilum	Sporoschisma_hemipsilum	new	6379440	EU583218.1	-	190684000	None
otuPS197	557720	gi|1473263136|gb|MH876080.1| Chloridium virescens strain CBS 127627 large subunit ribosomal RNA gene, partial sequence	-	None	-	Chloridium_virescens	Chloridium_virescens	new	None	MH876080.1	-	1473263136	None
otuPS198	2303014	gi|1450315137|gb|MH758208.1| Cryptophialoidea fasciculata voucher MFLU:18-1499 large subunit ribosomal RNA gene, partial sequence	-	None	-	Cryptophialoidea_fasciculata	Cryptophialoidea_fasciculata	new	None	MH758208.1	-	1450315137	None
otuPS223	2075422	gi|1473256405|gb|MH869349.1| Thozetella tocklaiensis strain CBS 378.58 large subunit ribosomal RNA gene, partial sequence	-	None	-	Thozetella_tocklaiensis	Thozetella_tocklaiensis	new	None	MH869349.1	-	1473256405	None
Tl805458	197730	-	-	Chaetosphaeria tropicalis	{u'@ubio': u'5969546', u'@uniprot': u'197730', u'@tb:identifier.taxonVariant': 255304, u'@tb:identifier.taxon': 182500}	-	-	original	368151	-	Chaetosphaeria tropicalis AF466080	-	None
Tl805459	796322	-	-	Chaetosphaeria ciliata	-	-	-	original	420569	-	Chaetosphaeria ciliata GU180637	-	None
otuPS229	92900	gi|4741738|gb|AF064644.1|AF064644 Chaetosphaeria vermicularioides large subunit ribosomal RNA, partial sequence	-	Chaetosphaeria vermicularioides	-	Chaetosphaeria_vermicularioides	Chaetosphaeria_vermicularioides	new	597718	AF064644.1	-	4741738	None
otuPS228	1962431	gi|1151124919|gb|KX455857.1| Sporoschisma sp. ZL-2017 strain KUMCC 15-0311 28S ribosomal RNA gene, partial sequence	-	None	-	Sporoschisma_sp._ZL-2017	Sporoschisma_sp._ZL-2017	new	None	KX455857.1	-	1151124919	None
Tl805454	197725	-	-	Chaetosphaeria luquillensis	{u'@ubio': u'5969541', u'@uniprot': u'197725', u'@tb:identifier.taxonVariant': 255297, u'@tb:identifier.taxon': 182495}	-	-	original	943806	-	Chaetosphaeria luquillensis AF466074	-	None
Tl805455	197734	-	-	Melanopsammella gonytrichii	{u'@ubio': u'5969547', u'@uniprot': u'197734', u'@tb:identifier.taxonVariant': 255305, u'@tb:identifier.taxon': 182503}	-	-	original	368155	-	Melanopsammella gonytrichii AF466085	-	None
Tl805456	197737	-	-	Tainosphaeria crassiparies	{u'@ubio': u'5969548', u'@uniprot': u'197737', u'@tb:identifier.taxonVariant': 255306, u'@tb:identifier.taxon': 182506}	-	-	original	368152	-	Tainosphaeria crassiparies AF466089	-	None
Tl805457	139952	-	-	Chaetosphaeria preussii	{u'@ubio': u'3919451', u'@uniprot': u'139952', u'@tb:identifier.taxonVariant': 13613, u'@tb:identifier.taxon': 5623}	-	-	original	773202	-	Chaetosphaeria preussii AF178561	-	None
Tl805450	0	-	-	Phomatospora dinemasporium	{u'@ubio': u'3057481', u'@tb:identifier.taxonVariant': 817857, u'@tb:identifier.taxon': 611741}	-	-	original	5308896	-	Dinemasporium strigosum CBS 520.78	-	None
otuPS222	426109	gi|1473261584|gb|MH874528.1| Chaetosphaeria fuegiana strain CBS 114553 large subunit ribosomal RNA gene, partial sequence	-	Chaetosphaeria fuegiana	-	Chaetosphaeria_fuegiana	Chaetosphaeria_fuegiana	seq otuPS222 is supersequence of otuPS92, but different taxon 	1088172	MH874528.1	-	1473261584	None
Tl805452	0	-	-	Phomatospora dinemasporium	{u'@ubio': u'3057481', u'@tb:identifier.taxonVariant': 817857, u'@tb:identifier.taxon': 611741}	-	-	original	5308896	-	Dinemasporium strigosum CPC 18898	-	None
Tl805453	156755	-	-	Lecythothecium duriligni	{u'@ubio': u'3357189', u'@uniprot': u'156755', u'@tb:identifier.taxonVariant': 435786, u'@tb:identifier.taxon': 150513}	-	-	original	1026131	-	Lecythothecium duriligni AF261071	-	None
otuPS177	74400	gi|1473259814|gb|MH872758.1| Kionochaeta ivoriensis strain CBS 374.76 large subunit ribosomal RNA gene, partial sequence	-	Kionochaeta ivoriensis	-	Kionochaeta_ivoriensis	Kionochaeta_ivoriensis	new	561682	MH872758.1	-	1473259814	None
otuPS176	1196449	gi|390133104|gb|JQ889300.1| Dinemasporium strigosum strain CPC 18898 28S ribosomal RNA gene, partial sequence	-	Phomatospora dinemasporium	-	Dinemasporium_strigosum	Dinemasporium_strigosum	subsequence, not added	509899	JQ889300.1	-	390133104	None
otuPS175	2082110	gi|1473255734|gb|MH868678.1| Chloridium virescens var. caudigerum strain CBS 152.53 large subunit ribosomal RNA gene, partial sequence	-	None	-	Chloridium_virescens_var._caudigerum	Chloridium_virescens_var._caudigerum	new	None	MH868678.1	-	1473255734	None
otuPS174	1638657	gi|1395446521|ref|NG_059408.1| Pseudolachnella brevicoronata HHUF 30119 28S rRNA gene, partial sequence; from TYPE material	-	Pseudolachnella brevicoronata	-	Pseudolachnella_brevicoronata	Pseudolachnella_brevicoronata	subsequence, not added	5694568	NG_059408.1	-	1395446521	None
otuPS173	1499100	gi|1395446523|ref|NG_059410.1| Pseudolachnella longiciliata HHUF 27528 28S rRNA gene, partial sequence; from TYPE material	-	Pseudolachnella longiciliata	-	Pseudolachnella_longiciliata	Pseudolachnella_longiciliata	subsequence, not added	4054431	NG_059410.1	-	1395446523	None
otuPS172	2016446	gi|1214147733|gb|KY853544.1| Zanclospora iberica strain FMR_11584 28S ribosomal RNA gene, partial sequence	-	None	-	Zanclospora_iberica	Zanclospora_iberica	new	None	KY853544.1	-	1214147733	None
otuPS171	1240607	gi|408771962|dbj|AB753846.1| Exserticlava vasiformis gene for 28S rRNA, partial sequence, strain: TAMA 450	-	Exserticlava vasiformis	-	Exserticlava_vasiformis	Exserticlava_vasiformis	new	1017770	AB753846.1	-	408771962	None
otuPS170	1196453	gi|390133100|gb|JQ889296.1| Dinemasporium morbidum strain CBS 129.66 28S ribosomal RNA gene, partial sequence	-	Dinemasporium morbidum	-	Dinemasporium_morbidum	Dinemasporium_morbidum	subsequence, not added	637763	JQ889296.1	-	390133100	None
otuPS179	2082110	gi|1473262580|gb|MH875524.1| Chloridium virescens var. caudigerum strain CBS 126073 large subunit ribosomal RNA gene, partial sequence	-	None	-	Chloridium_virescens_var._caudigerum	Chloridium_virescens_var._caudigerum	new	None	MH875524.1	-	1473262580	None
otuPS178	409260	gi|1473262581|gb|MH875525.1| Chloridium virescens var. chlamydosporum strain CBS 126074 large subunit ribosomal RNA gene, partial sequence	-	Chaetosphaeria vermicularioides	-	Chloridium_virescens_var._chlamydosporum	Chloridium_virescens_var._chlamydosporum	new	597718	MH875525.1	-	1473262581	None
otuPS195	197727	gi|31621185|gb|AF466078.1| Chaetosphaeria raciborski large subunit ribosomal RNA gene, partial sequence	-	Chaetosphaeria raciborskii	-	Chaetosphaeria_raciborskii	Chaetosphaeria_raciborskii	new	167287	AF466078.1	-	31621185	None
otuPS226	92899	gi|4741735|gb|AF064641.1|AF064641 Chaetosphaeria ovoidea large subunit ribosomal RNA, partial sequence	-	None	-	Zignoella_ovoidea	Zignoella_ovoidea	seq otuPS226 is supersequence of original seq Tl805465, both kept in alignment 	None	AF064641.1	-	4741735	None
otuPS140	1940706	gi|641804231|gb|KJ834525.1| Pseudolachnella guaviyunis strain CBS 134695 28S ribosomal RNA gene, partial sequence	-	None	-	Calvolachnella_guaviyunis	Calvolachnella_guaviyunis	subsequence, not added	None	KJ834525.1	-	641804231	None
otuPS212	1912273	gi|1091542937|gb|KY026055.1| Brunneodinemasporium sp. YZL-2016a strain GZCC 16-0050 large subunit ribosomal RNA gene, partial sequence	-	None	-	Brunneodinemasporium_jonesii	Brunneodinemasporium_jonesii	new	None	KY026055.1	-	1091542937	None
otuPS213	2040582	gi|1215379315|gb|KY212761.1| Chaetosphaeria jonesii 28S large subunit RNA gene, partial sequence	-	None	-	Chaetosphaeria_jonesii	Chaetosphaeria_jonesii	new	None	KY212761.1	-	1215379315	None
otuPS148	139944	gi|11385339|gb|AF178555.1| Chaetosphaeria callimorpha strain CBS 525.88 internal transcribed spacer 1, partial sequence; 5.8S ribosomal RNA gene and internal transcribed spacer 2, complete sequence; and 28S ribosomal RNA gene, partial sequence	-	Chaetosphaeria callimorpha	-	Chaetosphaeria_callimorpha	Chaetosphaeria_callimorpha	new	250260	AF178555.1	-	11385339	None
otuPS149	871251	gi|305657828|gb|HM241692.1| Pyrigemmula aurantiaca strain CPC 18063 18S ribosomal RNA gene, partial sequence; internal transcribed spacer 1, 5.8S ribosomal RNA gene, and internal transcribed spacer 2, complete sequence; and 28S ribosomal RNA gene, partial sequence >gi|305657829|gb|HM241693.1| Pyrigemmula aurantiaca strain CPC 18064 18S ribosomal RNA gene, partial sequence; internal transcribed spacer 1, 5.8S ribosomal RNA gene, and internal transcribed spacer 2, complete sequence; and 28S ribosomal RNA gene, partial sequence	-	Pyrigemmula aurantiaca	-	Pyrigemmula_aurantiaca	Pyrigemmula_aurantiaca	seq otuPS149 is supersequence of original seq Tl805448, both kept in alignment 	910985	HM241692.1	-	305657828	None
otuPS216	260530	gi|1473262255|gb|MH875199.1| Chaetosphaeria curvispora strain CBS 125782 large subunit ribosomal RNA gene, partial sequence	-	Chaetosphaeria curvispora	-	Chaetosphaeria_curvispora	Chaetosphaeria_curvispora	new	95328	MH875199.1	-	1473262255	None
otuPS217	1638662	gi|806637357|dbj|AB934061.1| Pseudolachnella pachyderma gene for 28S ribosomal RNA, partial sequence, specimen_voucher: HHUF:29955	-	Pseudolachnella pachyderma	-	Pseudolachnella_pachyderma	Pseudolachnella_pachyderma	new	5694574	AB934061.1	-	806637357	None
otuPS214	139950	gi|11385332|gb|AF178548.1| Chaetosphaeria lentomita strain MR 1265 internal transcribed spacer 1, partial sequence; 5.8S ribosomal RNA gene and internal transcribed spacer 2, complete sequence; and 28S ribosomal RNA gene, partial sequence	-	Chaetosphaeria lentomita	-	Chaetosphaeria_lentomita	Chaetosphaeria_lentomita	new	773204	AF178548.1	-	11385332	None
Tl805448	871251	-	-	Pyrigemmula aurantiaca	-	-	-	original	910985	-	Pyrigemmula aurantiaca HM241692	-	None
Tl805447	1196451	-	-	Dinemasporium polygonum	-	-	-	original	1029184	-	Dinemasporium polygonum CBS 516.95	-	None
otuPS143	139939	gi|11385341|gb|AF178557.1| Chaetosphaeria dilabens strain CBS 712.88 internal transcribed spacer 1, partial sequence; 5.8S ribosomal RNA gene and internal transcribed spacer 2, complete sequence; and 28S ribosomal RNA gene, partial sequence	-	Chaetosphaeria dilabens	-	Chaetosphaeria_dilabens	Chaetosphaeria_dilabens	new	722573	AF178557.1	-	11385341	None
Tl805445	0	-	-	Phomatospora dinemasporium	{u'@ubio': u'3057481', u'@tb:identifier.taxonVariant': 817857, u'@tb:identifier.taxon': 611741}	-	-	original	5308896	-	Dinemasporium strigosum CBS 828.84	-	None
Tl805444	1196447	-	-	Dinemasporium decipiens	{u'@ubio': u'3107195', u'@tb:identifier.taxonVariant': 817859, u'@tb:identifier.taxon': 611743}	-	-	original	878252	-	Dinemasporium decipiens CBS 592.73	-	None
Tl805443	1196448	-	-	Dinemasporium pseudostrigosum	-	-	-	original	509897	-	Dinemasporium pseudostrigosum CBS 825.91	-	None
Tl805442	1196453	-	-	Dinemasporium morbidum	-	-	-	original	637763	-	Dinemasporium morbidum CBS 995.97	-	None
Tl805441	1196583	-	-	Dendrophoma cytisporoides	{u'@ubio': u'3074530', u'@tb:identifier.taxonVariant': 817858, u'@tb:identifier.taxon': 611742}	-	-	original	590921	-	Dendrophoma cytisporoides CBS 223.95	-	None
Tl805440	1196455	-	-	Pseudolachnea fraxini	-	-	-	original	1029202	-	Pseudolachnea fraxini CBS 113701	-	None
otuPS221	2081390	gi|1473258736|gb|MH871680.1| Phaeostalagmus cyclosporus strain CBS 663.70 large subunit ribosomal RNA gene, partial sequence	-	None	-	Phaeostalagmus_cyclosporus	Phaeostalagmus_cyclosporus	new	None	MH871680.1	-	1473258736	None
otuPS224	1962432	gi|190684002|gb|EU583220.1| Melanochaeta sp. KGM-2008 strain GKM156N large subunit ribosomal RNA gene, partial sequence	-	None	-	Sporoschisma_taitense	Sporoschisma_taitense	seq otuPS224 is supersequence of otuPS81, otuPS224 added and otuPS81 removed 	None	EU583220.1	-	190684002	None
otuPS99	2015262	gi|1211132522|gb|KX609952.1| Dictyochaeta siamensis strain MFLUCC 15-0614 28S ribosomal RNA gene, partial sequence	-	None	-	Dictyochaeta_siamensis	Dictyochaeta_siamensis	new	None	KX609952.1	-	1211132522	None
otuPS98	1866870	gi|1151124922|gb|KX455860.1| Sporoschisma hemipsilum strain DLUCC 0544 28S ribosomal RNA gene, partial sequence	-	Sporoschisma hemipsila	-	Sporoschisma_hemipsilum	Sporoschisma_hemipsilum	new	6379440	KX455860.1	-	1151124922	None
otuPS95	2283192	gi|1434151081|gb|MH476568.1| Chloridium aseptatum isolate MFLU11-1051 28S ribosomal RNA gene, partial sequence	-	None	-	Chloridium_aseptatum	Chloridium_aseptatum	new	None	MH476568.1	-	1434151081	None
otuPS94	139952	gi|11385345|gb|AF178561.1| Chaetosphaeria preussii strain CBS 262.76 internal transcribed spacer 1, partial sequence; 5.8S ribosomal RNA gene and internal transcribed spacer 2, complete sequence; and 28S ribosomal RNA gene, partial sequence	-	Chaetosphaeria preussii	-	Chaetosphaeria_preussii	Chaetosphaeria_preussii	new	773202	AF178561.1	-	11385345	None
otuPS97	1962430	gi|1151124918|gb|KX455856.1| Sporoschisma aquaticum strain DLUCC 0628 28S ribosomal RNA gene, partial sequence	-	None	-	Sporoschisma_aquaticum	Sporoschisma_aquaticum	new	None	KX455856.1	-	1151124918	None
otuPS96	197717	gi|31621167|gb|AF466060.1| Chaetosphaeria caesariata large subunit ribosomal RNA gene, partial sequence	-	None	-	Chaetosphaeria_caesariata	Chaetosphaeria_caesariata	new	None	AF466060.1	-	31621167	None
otuPS91	2082564	gi|1473264270|gb|MH877214.1| Zanclospora novae-zelandiae strain CBS 130280 large subunit ribosomal RNA gene, partial sequence	-	None	-	Zanclospora_novae-zelandiae	Zanclospora_novae-zelandiae	new	None	MH877214.1	-	1473264270	None
otuPS90	1196445	gi|390133092|gb|JQ889288.1| Brunneodinemasporium brasiliense strain CBS 112007 28S ribosomal RNA gene, partial sequence	-	Brunneodinemasporium brasiliense	-	Brunneodinemasporium_brasiliense	Brunneodinemasporium_brasiliense	subsequence, not added	209299	JQ889288.1	-	390133092	None
otuPS93	1662102	gi|827355070|gb|KP711363.1| Dinemasporium nelloi culture-collection MFLU:14 C0811 28S ribosomal RNA gene, partial sequence	-	Dinemasporium nelloi	-	Dinemasporium_nelloi	Dinemasporium_nelloi	new	5695343	KP711363.1	-	827355070	None
otuPS92	2016440	gi|1214147689|gb|KY853500.1| Dictyochaeta fuegiana strain FMR_13126 28S ribosomal RNA gene, partial sequence	-	None	-	Dictyochaeta_fuegiana	Dictyochaeta_fuegiana	new seq added; subsequence of Tl805466, but different taxon	None	KY853500.1	-	1214147689	None
otuPS15	153155	gi|31621170|gb|AF466063.1| Chaetosphaeria chalaroides large subunit ribosomal RNA gene, partial sequence	-	Chaetosphaeria chalaroides	-	Chaetosphaeria_chalaroides	Chaetosphaeria_chalaroides	new	352348	AF466063.1	-	31621170	None
otuPS14	415312	gi|119352226|gb|EF113979.1| Infundibulomyces cupulata 28S ribosomal RNA gene, partial sequence	-	Infundibulomyces cupulata	-	Infundibulomyces_cupulata	Infundibulomyces_cupulata	seq otuPS14 is supersequence of original seq Tl805473, both kept in alignment 	751650	EF113979.1	-	119352226	None
otuPS17	139962	gi|1473255862|gb|MH868806.1| Chloridium lignicola strain CBS 143.54 large subunit ribosomal RNA gene, partial sequence	-	Chloridium lignicola	-	Chloridium_lignicola	Chloridium_lignicola	new	300282	MH868806.1	-	1473255862	None
otuPS16	197728	gi|31621186|gb|AF466079.1| Chaetosphaeria spinosa large subunit ribosomal RNA gene, partial sequence	-	Chaetosphaeria spinosa	-	Chaetosphaeria_spinosa	Chaetosphaeria_spinosa	new	943820	AF466079.1	-	31621186	None
otuPS11	1508229	gi|1473265186|gb|MH878130.1| Dinemasporium trichophoricola strain CBS 136772 large subunit ribosomal RNA gene, partial sequence	-	Dinemasporium trichophoricola	-	Dinemasporium_trichophoricola	Dinemasporium_trichophoricola	new	5695335	MH878130.1	-	1473265186	None
otuPS10	197737	gi|31621196|gb|AF466089.1| Tainosphaeria crassiparies large subunit ribosomal RNA gene, partial sequence	-	Tainosphaeria crassiparies	-	Tainosphaeria_crassiparies	Tainosphaeria_crassiparies	seq otuPS10 is supersequence of original seq Tl805456, both kept in alignment 	368152	AF466089.1	-	31621196	None
otuPS13	2339087	gi|1482012570|gb|MH327833.1| Polynema podocarpi culture CPC:32761 28S ribosomal RNA gene, partial sequence	-	None	-	Polynema_podocarpi	Polynema_podocarpi	new	None	MH327833.1	-	1482012570	None
otuPS12	139954	gi|11385329|gb|AF178545.1| Chaetosphaeria pygmaea strain MR 1365 internal transcribed spacer 1, partial sequence; 5.8S ribosomal RNA gene and internal transcribed spacer 2, complete sequence; and 28S ribosomal RNA gene, partial sequence	-	Chaetosphaeria pygmaea	-	Chaetosphaeria_pygmaea	Chaetosphaeria_pygmaea	new	773199	AF178545.1	-	11385329	None
otuPS220	108020	gi|1473265588|gb|MH878532.1| Phialophora phaeophora strain CBS 260.76 large subunit ribosomal RNA gene, partial sequence	-	Phialophora phaeophora	-	Phialophora_phaeophora	Phialophora_phaeophora	new	5495293	MH878532.1	-	1473265588	None
otuPS19	1196583	gi|1393629769|ref|NG_059108.1| Dendrophoma cytisporoides CBS 223.95 28S rRNA gene, partial sequence; from TYPE material	-	Dendrophoma cytisporoides	-	Dendrophoma_cytisporoides	Dendrophoma_cytisporoides	subsequence, not added	590921	NG_059108.1	-	1393629769	None
otuPS18	1638661	gi|806637352|dbj|AB934056.1| Pseudolachnella fusiformis gene for 28S ribosomal RNA, partial sequence, specimen_voucher: HHUF:29725	-	Pseudolachnella fusiformis	-	Pseudolachnella_fusiformis	Pseudolachnella_fusiformis	new	5694573	AB934056.1	-	806637352	None
otuPS77	139951	gi|1473258840|gb|MH871784.1| Chaetosphaeria myriocarpa strain CBS 878.70 large subunit ribosomal RNA gene, partial sequence	-	Chaetosphaeria myriocarpa	-	Chaetosphaeria_myriocarpa	Chaetosphaeria_myriocarpa	new	773203	MH871784.1	-	1473258840	None
otuPS76	1196452	gi|390133097|gb|JQ889293.1| Dinemasporium pseudoindicum strain CBS 127402 28S ribosomal RNA gene, partial sequence	-	Dinemasporium pseudoindicum	-	Dinemasporium_pseudoindicum	Dinemasporium_pseudoindicum	subsequence, not added	1029200	JQ889293.1	-	390133097	None
otuPS75	146322	gi|12025102|gb|AF279419.1|AF279419 Chaetosphaeria sp. 8 large subunit ribosomal RNA gene, partial sequence	-	Chaetosphaeria sp. 8	-	Chaetosphaeria_sp._8	Chaetosphaeria_sp._8	new	764573	AF279419.1	-	12025102	None
otuPS74	1499100	gi|806637353|dbj|AB934057.1| Pseudolachnella longiciliata gene for 28S ribosomal RNA, partial sequence, specimen_voucher: HHUF:29962	-	Pseudolachnella longiciliata	-	Pseudolachnella_longiciliata	Pseudolachnella_longiciliata	new	4054431	AB934057.1	-	806637353	None
otuPS73	409260	gi|1473256613|gb|MH869557.1| Chloridium virescens var. chlamydosporum strain CBS 142.61 large subunit ribosomal RNA gene, partial sequence	-	Chaetosphaeria vermicularioides	-	Chloridium_virescens_var._chlamydosporum	Chloridium_virescens_var._chlamydosporum	new	597718	MH869557.1	-	1473256613	None
otuPS72	1638655	gi|806637345|dbj|AB934049.1| Pseudolachnella asymmetrica gene for 28S ribosomal RNA, partial sequence, specimen_voucher: HHUF:28777	-	Pseudolachnella asymmetrica	-	Pseudolachnella_asymmetrica	Pseudolachnella_asymmetrica	new	5694575	AB934049.1	-	806637345	None
otuPS71	139957	gi|31621195|gb|AF466088.1| Striatosphaeria codinaeophora large subunit ribosomal RNA gene, partial sequence	-	Striatosphaeria codinaeaphora	-	Striatosphaeria_codinaeophora	Striatosphaeria_codinaeophora	seq otuPS71 is supersequence of original seq Tl805476, both kept in alignment 	773196	AF466088.1	-	31621195	None
otuPS70	1213769	gi|397712041|gb|JQ249276.1| Fungal sp. BG115 28S ribosomal RNA gene, partial sequence	-	fungal sp. BG115	-	fungal_sp._BG115	fungal_sp._BG115	new seq added; subsequence of Tl805441, but different taxon	4111428	JQ249276.1	-	397712041	None
otuPS210	2074847	gi|1473264394|gb|MH877338.1| Chloridium botryoideum strain CBS 131270 large subunit ribosomal RNA gene, partial sequence	-	None	-	Chloridium_botryoideum	Chloridium_botryoideum	new	None	MH877338.1	-	1473264394	None
otuPS79	1638656	gi|806637346|dbj|AB934050.1| Pseudolachnella botulispora gene for 28S ribosomal RNA, partial sequence, specimen_voucher: HHUF:29969	-	Pseudolachnella botulispora	-	Pseudolachnella_botulispora	Pseudolachnella_botulispora	seq otuPS79 is supersequence of otuPS66, otuPS79 added and otuPS66 removed 	5694570	AB934050.1	-	806637346	None
otuPS78	139953	gi|31621198|gb|AF466091.1| Zignoella pulviscula strain SMH 3289 large subunit ribosomal RNA gene, partial sequence	-	Chaetosphaeria pulviscula	-	Zignoella_pulviscula	Zignoella_pulviscula	seq otuPS78 is supersequence of original seq Tl805462, both kept in alignment 	773200	AF466091.1	-	31621198	None
Tl805472	0	-	-	Saccharomyces cerevisiae	{u'@ubio': u'3872294', u'@uniprot': u'4932', u'@tb:identifier.taxonVariant': 60823, u'@tb:identifier.taxon': 25995}	-	-	original	908549	-	Saccharomyces cerevisiae Z73326	-	None
Tl805473	415312	-	-	Infundibulomyces cupulata	{u'@ubio': u'10330117', u'@uniprot': u'415312', u'@tb:identifier.taxonVariant': 389514, u'@tb:identifier.taxon': 361393}	-	-	original	751650	-	Infundibulomyces cupulata EF113979	-	None
Tl805470	858408	-	-	Rattania setulifera	-	-	-	original	63948	-	Rattania setulifera HM171322	-	None
Tl805471	156753	-	-	Umbrinosphaeria caesariata	{u'@ubio': u'1454811', u'@uniprot': u'156753', u'@tb:identifier.taxonVariant': 435784, u'@tb:identifier.taxon': 150511}	-	-	original	1026125	-	Umbrinosphaeria caesariata AF261069	-	None
Tl805476	139957	-	-	Striatosphaeria codinaeaphora	{u'@ubio': u'5963001', u'@uniprot': u'139957', u'@tb:identifier.taxonVariant': 65581, u'@tb:identifier.taxon': 28098}	-	-	original	773196	-	Striatosphaeria codinaeophora AF466088	-	None
Tl805477	197720	-	-	Chaetosphaeria conirostris	{u'@ubio': u'5969537', u'@uniprot': u'197720', u'@tb:identifier.taxonVariant': 255292, u'@tb:identifier.taxon': 182490}	-	-	original	943809	-	Chaetosphaeria conirostris AF466066	-	None
Tl805474	139949	-	-	Chaetosphaeria innumera	{u'@ubio': u'3872253', u'@uniprot': u'139949', u'@tb:identifier.taxonVariant': 13604, u'@tb:identifier.taxon': 5619}	-	-	original	250265	-	Chaetosphaeria innumera AY017375	-	None
Tl805475	375413	-	-	Ellisembia brachypus	{u'@ubio': u'3232499', u'@uniprot': u'375413', u'@tb:identifier.taxonVariant': 369025, u'@tb:identifier.taxon': 327838}	-	-	original	1008023	-	Ellisembia brachypus DQ408563	-	None
otuPS155	139951	gi|11385336|gb|AF178552.1| Chaetosphaeria myriocarpa strain CBS 264.76 internal transcribed spacer 1, partial sequence; 5.8S ribosomal RNA gene and internal transcribed spacer 2, complete sequence; and 28S ribosomal RNA gene, partial sequence	-	Chaetosphaeria myriocarpa	-	Chaetosphaeria_myriocarpa	Chaetosphaeria_myriocarpa	seq otuPS155 is supersequence of otuPS4, otuPS155 added and otuPS4 removed 	773203	AF178552.1	-	11385336	None
otuPS154	2016446	gi|1214147734|gb|KY853545.1| Zanclospora iberica strain FMR_12186 28S ribosomal RNA gene, partial sequence	-	None	-	Zanclospora_iberica	Zanclospora_iberica	new	None	KY853545.1	-	1214147734	None
Tl805478	426109	-	-	Chaetosphaeria fuegiana	{u'@ubio': u'9731140', u'@uniprot': u'426109', u'@tb:identifier.taxonVariant': 394937, u'@tb:identifier.taxon': 370109}	-	-	original	1088172	-	Chaetosphaeria fuegiana EF063574	-	None
otuPS156	522903	gi|1473258858|gb|MH871802.1| Menispora ciliata strain CBS 984.70 large subunit ribosomal RNA gene, partial sequence	-	Menispora ciliata	-	Menispora_ciliata	Menispora_ciliata	new	579603	MH871802.1	-	1473258858	None
otuPS151	1196448	gi|390133098|gb|JQ889294.1| Dinemasporium pseudostrigosum strain CBS 717.85 28S ribosomal RNA gene, partial sequence	-	Dinemasporium pseudostrigosum	-	Dinemasporium_pseudostrigosum	Dinemasporium_pseudostrigosum	subsequence, not added	509897	JQ889294.1	-	390133098	None
otuPS150	2302999	gi|1450315139|gb|MH758210.1| Cryptophiale udagawae voucher MFLU:18-1498 large subunit ribosomal RNA gene, partial sequence	-	None	-	Cryptophiale_udagawae	Cryptophiale_udagawae	deleted, otuPS196 is supersequence 	None	MH758210.1	-	1450315139	None
otuPS153	1296267	gi|1473258772|gb|MH871716.1| Menispora glauca strain CBS 729.70 large subunit ribosomal RNA gene, partial sequence	-	Chaetosphaeria ovoidea	-	Menispora_glauca	Menispora_glauca	new	301828	MH871716.1	-	1473258772	None
otuPS152	1196449	gi|806637336|dbj|AB934040.1| Dinemasporium strigosum gene for 28S ribosomal RNA, partial sequence, specimen_voucher: HHUF:29961	-	Phomatospora dinemasporium	-	Dinemasporium_strigosum	Dinemasporium_strigosum	new	509899	AB934040.1	-	806637336	None
otuPS88	197726	gi|31621182|gb|AF466075.1| Chaetosphaeria minuta large subunit ribosomal RNA gene, partial sequence	-	Chaetosphaeria minuta	-	Chaetosphaeria_minuta	Chaetosphaeria_minuta	new	943807	AF466075.1	-	31621182	None
otuPS89	1196448	gi|390133099|gb|JQ889295.1| Dinemasporium pseudostrigosum strain CBS 825.91 28S ribosomal RNA gene, partial sequence	-	Dinemasporium pseudostrigosum	-	Dinemasporium_pseudostrigosum	Dinemasporium_pseudostrigosum	subsequence, not added	509897	JQ889295.1	-	390133099	None
otuPS82	1499102	gi|806637359|dbj|AB934063.1| Pseudolachnella yakushimensis gene for 28S ribosomal RNA, partial sequence, specimen_voucher: HHUF:29683	-	Pseudolachnella yakushimensis	-	Pseudolachnella_yakushimensis	Pseudolachnella_yakushimensis	deleted, otuPS161 is supersequence 	5291932	AB934063.1	-	806637359	None
otuPS83	2075396	gi|1473261141|gb|MH874085.1| Sporendocladia fumosa strain CBS 518.93 large subunit ribosomal RNA gene, partial sequence	-	None	-	Sporendocladia_fumosa	Sporendocladia_fumosa	new	None	MH874085.1	-	1473261141	None
otuPS80	2306441	gi|1465405591|gb|MH810432.1| Thozetella lithocarpi large subunit ribosomal RNA gene, partial sequence	-	None	-	Thozetella_lithocarpi	Thozetella_lithocarpi	new	None	MH810432.1	-	1465405591	None
otuPS81	1962432	gi|190684001|gb|EU583219.1| Melanochaeta sp. KGM-2008 strain GKM150N large subunit ribosomal RNA gene, partial sequence	-	None	-	Sporoschisma_taitense	Sporoschisma_taitense	deleted, otuPS224 is supersequence 	None	EU583219.1	-	190684001	None
otuPS86	2075026	gi|1473259816|gb|MH872760.1| Gonytrichum mirabile strain CBS 408.76 large subunit ribosomal RNA gene, partial sequence	-	None	-	Gonytrichum_mirabile	Gonytrichum_mirabile	new	None	MH872760.1	-	1473259816	None
otuPS87	409260	gi|1473254632|gb|MH867576.1| Chloridium virescens var. chlamydosporum strain CBS 114.41 large subunit ribosomal RNA gene, partial sequence	-	Chaetosphaeria vermicularioides	-	Chloridium_virescens_var._chlamydosporum	Chloridium_virescens_var._chlamydosporum	new	597718	MH867576.1	-	1473254632	None
otuPS84	139951	gi|1473256264|gb|MH869208.1| Chaetosphaeria myriocarpa strain CBS 116.57 large subunit ribosomal RNA gene, partial sequence	-	Chaetosphaeria myriocarpa	-	Chaetosphaeria_myriocarpa	Chaetosphaeria_myriocarpa	new	773203	MH869208.1	-	1473256264	None
otuPS85	926720	gi|1473259885|gb|MH872829.1| Bahusutrabeeja dwaya strain CBS 261.77 internal transcribed spacer 2 and large subunit ribosomal RNA gene, partial sequence	-	Bahusutrabeeja dwaya	-	Bahusutrabeeja_dwaya	Bahusutrabeeja_dwaya	new	1077272	MH872829.1	-	1473259885	None
otuPS231	139940	gi|31621176|gb|AF466069.1| Chaetosphaeria hebetiseta large subunit ribosomal RNA gene, partial sequence	-	Chaetosphaeria hebetiseta	-	Chaetosphaeria_hebetiseta	Chaetosphaeria_hebetiseta	new	250255	AF466069.1	-	31621176	None
otuPS201	139972	gi|1473256191|gb|MH869135.1| Menispora tortuosa strain CBS 214.56 large subunit ribosomal RNA gene, partial sequence	-	Menispora tortuosa	-	Menispora_tortuosa	Menispora_tortuosa	new	824706	MH869135.1	-	1473256191	None
otuPS64	1196447	gi|390133095|gb|JQ889291.1| Dinemasporium decipiens strain CBS 592.73 28S ribosomal RNA gene, partial sequence	-	Dinemasporium decipiens	-	Dinemasporium_decipiens	Dinemasporium_decipiens	subsequence, not added	878252	JQ889291.1	-	390133095	None
otuPS65	139949	gi|18460922|gb|AY017375.1| Chaetosphaeria innumera 28S ribosomal RNA gene, partial sequence	-	Chaetosphaeria innumera	-	Chaetosphaeria_innumera	Chaetosphaeria_innumera	seq otuPS65 is supersequence of original seq Tl805474, both kept in alignment 	250265	AY017375.1	-	18460922	None
otuPS66	1638656	gi|806637347|dbj|AB934051.1| Pseudolachnella botulispora gene for 28S ribosomal RNA, partial sequence, specimen_voucher: HHUF:28776	-	Pseudolachnella botulispora	-	Pseudolachnella_botulispora	Pseudolachnella_botulispora	deleted, otuPS79 is supersequence 	5694570	AB934051.1	-	806637347	None
otuPS67	375416	gi|89355907|gb|DQ408568.1| Ellisembia sp. NN43946 28S ribosomal RNA gene, partial sequence	-	Ellisembia sp. NN43946	-	Ellisembia_sp._NN43946	Ellisembia_sp._NN43946	new	1008026	DQ408568.1	-	89355907	None
otuPS60	156755	gi|13661554|gb|AF261071.1|AF261071 Lecythothecium duriligni large subunit ribosomal RNA gene, partial sequence	-	Lecythothecium duriligni	-	Lecythothecium_duriligni	Lecythothecium_duriligni	new	1026131	AF261071.1	-	13661554	None
otuPS61	139939	gi|1473260451|gb|MH873395.1| Chaetosphaeria dilabens strain CBS 734.83 large subunit ribosomal RNA gene, partial sequence	-	Chaetosphaeria dilabens	-	Chaetosphaeria_dilabens	Chaetosphaeria_dilabens	new	722573	MH873395.1	-	1473260451	None
otuPS62	197723	gi|31621180|gb|AF466073.1| Chaetosphaeria lignomollis large subunit ribosomal RNA gene, partial sequence	-	Chaetosphaeria lignomollis	-	Chaetosphaeria_lignomollis	Chaetosphaeria_lignomollis	new	943812	AF466073.1	-	31621180	None
otuPS63	197719	gi|31621171|gb|AF466064.1| Chaetosphaeria chlorotunicata large subunit ribosomal RNA gene, partial sequence	-	Chaetosphaeria chlorotunicata	-	Chaetosphaeria_chlorotunicata	Chaetosphaeria_chlorotunicata	new	418009	AF466064.1	-	31621171	None
otuPS68	139944	gi|31621169|gb|AF466062.1| Chaetosphaeria callimorpha large subunit ribosomal RNA gene, partial sequence	-	Chaetosphaeria callimorpha	-	Chaetosphaeria_callimorpha	Chaetosphaeria_callimorpha	seq otuPS68 is supersequence of original seq Tl805466, both kept in alignment 	250260	AF466062.1	-	31621169	None
otuPS69	1638657	gi|806637348|dbj|AB934052.1| Pseudolachnella brevicoronata gene for 28S ribosomal RNA, partial sequence, specimen_voucher: HHUF:30119	-	Pseudolachnella brevicoronata	-	Pseudolachnella_brevicoronata	Pseudolachnella_brevicoronata	new	5694568	AB934052.1	-	806637348	None
Tl805465	1296267	-	Zignoella ovoidea	Chaetosphaeria ovoidea	{u'@ubio': u'3261228', u'@uniprot': u'92899', u'@tb:identifier.taxonVariant': 13610, u'@tb:identifier.taxon': 5622}	-	-	original	301828	-	Chaetosphaeria ovoidea AF064641	-	None
Tl805464	197718	-	-	Chaetosphaeria capitata	{u'@ubio': u'3261227', u'@uniprot': u'197718', u'@tb:identifier.taxonVariant': 255290, u'@tb:identifier.taxon': 182488}	-	-	original	418010	-	Chaetosphaeria capitata AF466061	-	None
Tl805467	409260	-	-	Chaetosphaeria vermicularioides	{u'@ubio': u'3296098', u'@uniprot': u'197735', u'@tb:identifier.taxonVariant': 444367, u'@tb:identifier.taxon': 182504}	-	-	original	597718	-	Melanopsammella vermicularioides AF466087	-	None
Tl805466	139944	-	-	Chaetosphaeria callimorpha	{u'@ubio': u'3109798', u'@uniprot': u'139944', u'@tb:identifier.taxonVariant': 13582, u'@tb:identifier.taxon': 5608}	-	-	original	250260	-	Chaetosphaeria callimorpha AF466062	-	None
Tl805461	557972	-	-	Thozetella nivea	{u'@ubio': u'3056602', u'@uniprot': u'557972', u'@tb:identifier.taxonVariant': 650558, u'@tb:identifier.taxon': 490888}	-	-	original	169746	-	Thozetella nivea EU825200	-	None
Tl805460	139953	-	-	Chaetosphaeria pulviscula	{u'@ubio': u'5963000', u'@uniprot': u'139953', u'@tb:identifier.taxonVariant': 113108, u'@tb:identifier.taxon': 5624}	-	-	original	773200	-	Zignoella pulviscula AF466090	-	None
Tl805463	197732	-	-	Melanochaeta hemipsila	{u'@ubio': u'3211634', u'@uniprot': u'197732', u'@tb:identifier.taxonVariant': 40326, u'@tb:identifier.taxon': 17219}	-	-	original	368149	-	Melanochaeta hemipsila AY346292	-	None
Tl805462	139953	-	-	Chaetosphaeria pulviscula	{u'@ubio': u'5963000', u'@uniprot': u'139953', u'@tb:identifier.taxonVariant': 113108, u'@tb:identifier.taxon': 5624}	-	-	original	773200	-	Zignoella pulviscula AF466091	-	None
Tl805469	197731	-	-	Melanochaeta aotearoae	{u'@ubio': u'3035227', u'@uniprot': u'197731', u'@tb:identifier.taxonVariant': 444365, u'@tb:identifier.taxon': 182501}	-	-	original	368150	-	Melanochaeta aotearoae AF466082	-	None
Tl805468	139962	-	-	Chloridium lignicola	{u'@ubio': u'3919454', u'@uniprot': u'139962', u'@tb:identifier.taxonVariant': 14254, u'@tb:identifier.taxon': 5889}	-	-	original	300282	-	Chloridium lignicola AF178544	-	None
otuPS128	1196449	gi|390133102|gb|JQ889298.1| Dinemasporium strigosum strain CBS 520.78 28S ribosomal RNA gene, partial sequence	-	Phomatospora dinemasporium	-	Dinemasporium_strigosum	Dinemasporium_strigosum	deleted, otuPS215 is supersequence 	509899	JQ889298.1	-	390133102	None
otuPS129	2571400	gi|31621192|gb|AF466085.1| Chloridium gonytrichii strain SMH 3785 large subunit ribosomal RNA gene, partial sequence	-	None	-	Chloridium_gonytrichii	Chloridium_gonytrichii	seq otuPS129 is supersequence of original seq Tl805455, both kept in alignment 	None	AF466085.1	-	31621192	None
otuPS120	139957	gi|11385330|gb|AF178546.1| Striatosphaeria codinaeophora strain MR 1230 internal transcribed spacer 1, partial sequence; 5.8S ribosomal RNA gene and internal transcribed spacer 2, complete sequence; and 28S ribosomal RNA gene, partial sequence	-	Striatosphaeria codinaeaphora	-	Striatosphaeria_codinaeophora	Striatosphaeria_codinaeophora	new	773196	AF178546.1	-	11385330	None
otuPS121	2593052	gi|1699503303|gb|MK165443.1| Chaetosphaeriaceae sp. JG-2019a isolate YMF1.4176 28S ribosomal RNA gene, partial sequence	-	None	-	Chaetosphaeriaceae_sp._JG-2019a	Chaetosphaeriaceae_sp._JG-2019a	new	None	MK165443.1	-	1699503303	None
otuPS122	146321	gi|12025101|gb|AF279418.1|AF279418 Chaetosphaeria sp. 7 large subunit ribosomal RNA gene, partial sequence	-	Chaetosphaeria sp. 7	-	Chaetosphaeria_sp._7	Chaetosphaeria_sp._7	new	764576	AF279418.1	-	12025101	None
otuPS123	1196455	gi|390133105|gb|JQ889301.1| Pseudolachnea fraxini 28S ribosomal RNA gene, partial sequence	-	Pseudolachnea fraxini	-	Pseudolachnea_fraxini	Pseudolachnea_fraxini	subsequence, not added	1029202	JQ889301.1	-	390133105	None
otuPS124	1866871	gi|1041722371|gb|KX358077.1| Sporoschisma sp. JY-2016a 28S ribosomal RNA gene, partial sequence	-	Sporoschisma sp. JY-2016a	-	Sporoschisma_longicatenatum	Sporoschisma_longicatenatum	new	6379441	KX358077.1	-	1041722371	None
otuPS125	197720	gi|31621173|gb|AF466066.1| Chaetosphaeria conirostris large subunit ribosomal RNA gene, partial sequence	-	Chaetosphaeria conirostris	-	Chaetosphaeria_conirostris	Chaetosphaeria_conirostris	seq otuPS125 is supersequence of original seq Tl805477, both kept in alignment 	943809	AF466066.1	-	31621173	None
otuPS126	1764036	gi|958167547|gb|KR347357.1| Chaetosphaeria rivularia strain CBS 127686 28S ribosomal RNA gene, partial sequence	-	Chaetosphaeria rivularia	-	Chaetosphaeria_rivularia	Chaetosphaeria_rivularia	new	5980616	KR347357.1	-	958167547	None
otuPS127	197727	gi|40949638|gb|AY436402.1| Chaetosphaeria raciborskii strain SMH3119 28S large subunit ribosomal RNA gene, partial sequence	-	Chaetosphaeria raciborskii	-	Chaetosphaeria_raciborskii	Chaetosphaeria_raciborskii	new	167287	AY436402.1	-	40949638	None
otuPS191	2303000	gi|1450315135|gb|MH758206.1| Nawawia filiformis voucher MFLU:18-1501 large subunit ribosomal RNA gene, partial sequence	-	None	-	Nawawia_filiformis	Nawawia_filiformis	new	None	MH758206.1	-	1450315135	None
otuPS190	2075025	gi|1473256559|gb|MH869503.1| Gonytrichum macrocladum strain CBS 195.60 large subunit ribosomal RNA gene, partial sequence	-	None	-	Gonytrichum_macrocladum	Gonytrichum_macrocladum	new	None	MH869503.1	-	1473256559	None
otuPS193	260530	gi|304272491|gb|GU180636.1| Chaetosphaeria curvispora strain ICMP 18255 28S ribosomal RNA gene, partial sequence	-	Chaetosphaeria curvispora	-	Chaetosphaeria_curvispora	Chaetosphaeria_curvispora	new	95328	GU180636.1	-	304272491	None
otuPS51	153157	gi|31621175|gb|AF466068.1| Chaetosphaeria decastyla large subunit ribosomal RNA gene, partial sequence	-	Chaetosphaeria decastyla	-	Chaetosphaeria_decastyla	Chaetosphaeria_decastyla	new	352345	AF466068.1	-	31621175	None
otuPS50	197721	gi|31621174|gb|AF466067.1| Chaetosphaeria cubensis large subunit ribosomal RNA gene, partial sequence	-	Chaetosphaeria cubensis	-	Chaetosphaeria_cubensis	Chaetosphaeria_cubensis	new	943810	AF466067.1	-	31621174	None
otuPS53	557967	gi|203285479|gb|EU825195.1| Thozetella sp. RJ-2008 28S ribosomal RNA gene, partial sequence	-	Thozetella pinicola	-	Thozetella_pinicola	Thozetella_pinicola	new	321608	EU825195.1	-	203285479	None
otuPS52	557720	gi|1473263010|gb|MH875954.1| Chloridium virescens strain CBS 127310 large subunit ribosomal RNA gene, partial sequence	-	None	-	Chloridium_virescens	Chloridium_virescens	new	None	MH875954.1	-	1473263010	None
otuPS55	1866870	gi|1151124921|gb|KX455859.1| Sporoschisma hemipsilum strain KUMCC 15-0227 28S ribosomal RNA gene, partial sequence	-	Sporoschisma hemipsila	-	Sporoschisma_hemipsilum	Sporoschisma_hemipsilum	seq otuPS55 is supersequence of otuPS32, otuPS55 added and otuPS32 removed 	6379440	KX455859.1	-	1151124921	None
otuPS54	77133	gi|1110960907|gb|KX984147.1| Uncultured bacterium clone BAC_RED_14A5_contig-120_16_ genomic sequence	-	uncultured bacterium	-	uncultured_bacterium	uncultured_bacterium	seq otuPS54 is supersequence of original seq Tl805472, both kept in alignment 	5184511	KX984147.1	-	1110960907	None
otuPS57	1866870	gi|1041722370|gb|KX358076.1| Sporoschisma hemipsila strain MFLUCC16-0177 28S ribosomal RNA gene, partial sequence	-	Sporoschisma hemipsila	-	Sporoschisma_hemipsilum	Sporoschisma_hemipsilum	subsequence, not added	6379440	KX358076.1	-	1041722370	None
otuPS56	1564435	gi|702102076|gb|KM242343.1| Chaetosphaeria sp. INBio_4510J internal transcribed spacer 1, partial sequence; 5.8S ribosomal RNA gene and internal transcribed spacer 2, complete sequence; and 28S ribosomal RNA gene, partial sequence	-	Chaetosphaeria sp. INBio_4510J	-	Chaetosphaeria_sp._INBio_4510J	Chaetosphaeria_sp._INBio_4510J	new	5708472	KM242343.1	-	702102076	None
otuPS59	197730	gi|31621187|gb|AF466080.1| Chaetosphaeria tropicalis large subunit ribosomal RNA gene, partial sequence	-	Chaetosphaeria tropicalis	-	Chaetosphaeria_tropicalis	Chaetosphaeria_tropicalis	seq otuPS59 is supersequence of original seq Tl805458, both kept in alignment 	368151	AF466080.1	-	31621187	None
otuPS58	1482348	gi|1473256733|gb|MH869677.1| Sporoschisma saccardoi strain CBS 414.61 large subunit ribosomal RNA gene, partial sequence	-	None	-	Sporoschisma_saccardoi	Sporoschisma_saccardoi	new	None	MH869677.1	-	1473256733	None
otuPS194	1196455	gi|1393511074|ref|NG_057956.1| Pseudolachnea fraxini 28S rRNA gene, partial sequence; from TYPE material	-	Pseudolachnea fraxini	-	Pseudolachnea_fraxini	Pseudolachnea_fraxini	subsequence, not added	1029202	NG_057956.1	-	1393511074	None
otuPS1	2075150	gi|1473265458|gb|MH878402.1| Menispora caesia strain CBS 585.73 large subunit ribosomal RNA gene, partial sequence	-	None	-	Menispora_caesia	Menispora_caesia	new	None	MH878402.1	-	1473265458	None
otuPS3	197716	gi|31621172|gb|AF466065.1| Chaetosphaeria biapiculata large subunit ribosomal RNA gene, partial sequence	-	Chaetosphaeria biapiculata	-	Chaetosphaeria_biapiculata	Chaetosphaeria_biapiculata	new	418031	AF466065.1	-	31621172	None
otuPS2	139951	gi|1387668202|gb|MH107931.1| Chaetosphaeria myriocarpa culture CBS:143389 28S ribosomal RNA gene, partial sequence	-	Chaetosphaeria myriocarpa	-	Chaetosphaeria_myriocarpa	Chaetosphaeria_myriocarpa	deleted, otuPS4 is supersequence 	773203	MH107931.1	-	1387668202	None
otuPS5	2081390	gi|1473259717|gb|MH872661.1| Phaeostalagmus cyclosporus strain CBS 312.75 large subunit ribosomal RNA gene, partial sequence	-	None	-	Phaeostalagmus_cyclosporus	Phaeostalagmus_cyclosporus	new	None	MH872661.1	-	1473259717	None
otuPS4	139951	gi|1473255728|gb|MH868672.1| Chaetosphaeria myriocarpa strain CBS 141.53 large subunit ribosomal RNA gene, partial sequence	-	Chaetosphaeria myriocarpa	-	Chaetosphaeria_myriocarpa	Chaetosphaeria_myriocarpa	deleted, otuPS155 is supersequence 	773203	MH868672.1	-	1473255728	None
otuPS7	153157	gi|18460921|gb|AY017374.1| Chaetosphaeria decastyla 28S ribosomal RNA gene, partial sequence	-	Chaetosphaeria decastyla	-	Chaetosphaeria_decastyla	Chaetosphaeria_decastyla	new	352345	AY017374.1	-	18460921	None
otuPS6	1715223	gi|1548884467|gb|MK372068.1| Chloridium sp. isolate HGUP1806 large subunit ribosomal RNA gene, partial sequence	-	Chloridium sp.	-	Chloridium_sp.	Chloridium_sp.	new	5708479	MK372068.1	-	1548884467	None
otuPS9	197722	gi|31621179|gb|AF466072.1| Chaetosphaeria lateriphiala strain SMH 3320 large subunit ribosomal RNA gene, partial sequence	-	Chaetosphaeria lateriphiala	-	Chaetosphaeria_lateriphiala	Chaetosphaeria_lateriphiala	new	943811	AF466072.1	-	31621179	None
otuPS8	1866870	gi|31621190|gb|AF466083.1| Melanochaeta hemipsila strain SMH 2125 large subunit ribosomal RNA gene, partial sequence	-	Sporoschisma hemipsila	-	Sporoschisma_hemipsilum	Sporoschisma_hemipsilum	deleted, otuPS158 is supersequence 	6379440	AF466083.1	-	31621190	None
otuPS196	2302999	gi|1450315140|gb|MH758211.1| Cryptophiale udagawae voucher MFLU:18-1497 large subunit ribosomal RNA gene, partial sequence	-	None	-	Cryptophiale_udagawae	Cryptophiale_udagawae	seq otuPS196 is supersequence of otuPS150, otuPS196 added and otuPS150 removed 	None	MH758211.1	-	1450315140	None
otuPS215	1196449	gi|390133103|gb|JQ889299.1| Dinemasporium strigosum strain CBS 828.84 28S ribosomal RNA gene, partial sequence	-	Phomatospora dinemasporium	-	Dinemasporium_strigosum	Dinemasporium_strigosum	seq otuPS215 is supersequence of otuPS128, otuPS215 added and otuPS128 removed 	509899	JQ889299.1	-	390133103	None
otuPS205	139951	gi|31621183|gb|AF466076.1| Chaetosphaeria myriocarpa large subunit ribosomal RNA gene, partial sequence	-	Chaetosphaeria myriocarpa	-	Chaetosphaeria_myriocarpa	Chaetosphaeria_myriocarpa	new	773203	AF466076.1	-	31621183	None
otuPS139	2075152	gi|1473261477|gb|MH874421.1| Menisporopsis anisospora strain CBS 109475 large subunit ribosomal RNA gene, partial sequence	-	None	-	Menisporopsis_anisospora	Menisporopsis_anisospora	new	None	MH874421.1	-	1473261477	None
otuPS138	1499097	gi|806637344|dbj|AB934048.1| Pseudolachnea hispidula gene for 28S ribosomal RNA, partial sequence, specimen_voucher: HHUF:30118	-	Pseudolachnea hispidula	-	Pseudolachnea_hispidula	Pseudolachnea_hispidula	subsequence, not added	4054449	AB934048.1	-	806637344	None
otuPS204	139970	gi|1473265474|gb|MH878418.1| Dictyochaeta simplex strain CBS 623.68 large subunit ribosomal RNA gene, partial sequence	-	Dictyochaeta simplex	-	Dictyochaeta_simplex	Dictyochaeta_simplex	new	824703	MH878418.1	-	1473265474	None
otuPS133	1866870	gi|1041722368|gb|KX358074.1| Sporoschisma hemipsila strain MFLUCC15-0615 28S ribosomal RNA gene, partial sequence	-	Sporoschisma hemipsila	-	Sporoschisma_hemipsilum	Sporoschisma_hemipsilum	deleted, otuPS142 is supersequence 	6379440	KX358074.1	-	1041722368	None
otuPS132	2501414	gi|1548884466|gb|MK372067.1| Chloridium sp. KW-2019a isolate HGUP1805 large subunit ribosomal RNA gene, partial sequence	-	None	-	Chloridium_sp._KW-2019a	Chloridium_sp._KW-2019a	new	None	MK372067.1	-	1548884466	None
otuPS131	139970	gi|11385343|gb|AF178559.1| Dictyochaeta simplex strain CBS 966.69 internal transcribed spacer 1, partial sequence; 5.8S ribosomal RNA gene and internal transcribed spacer 2, complete sequence; and 28S ribosomal RNA gene, partial sequence >gi|1473246553|gb|MH859497.1| Dictyochaeta simplex strain CBS 966.69 internal transcribed spacer 1, partial sequence; 5.8S ribosomal RNA gene and internal transcribed spacer 2, complete sequence; and large subunit ribosomal RNA gene, partial sequence	-	Dictyochaeta simplex	-	Dictyochaeta_simplex	Dictyochaeta_simplex	new	824703	AF178559.1	-	11385343	None
otuPS130	1896340	gi|1189355235|gb|KX242163.1| Chaetosphaeriaceae sp. isolate PPM4068 28S large subunit ribosomal RNA gene, partial sequence	-	None	-	Chaetosphaeriaceae_sp.	Chaetosphaeriaceae_sp.	new	None	KX242163.1	-	1189355235	None
otuPS137	197735	gi|31621194|gb|AF466087.1| Melanopsammella vermicularioides strain FC 404 large subunit ribosomal RNA gene, partial sequence	-	Chaetosphaeria vermicularioides	-	Melanopsammella_vermicularioides	Melanopsammella_vermicularioides	seq otuPS137 is supersequence of original seq Tl805467, both kept in alignment 	597718	AF466087.1	-	31621194	None
otuPS136	139951	gi|1473259704|gb|MH872648.1| Chaetosphaeria myriocarpa strain CBS 241.75B large subunit ribosomal RNA gene, partial sequence	-	Chaetosphaeria myriocarpa	-	Chaetosphaeria_myriocarpa	Chaetosphaeria_myriocarpa	new	773203	MH872648.1	-	1473259704	None
otuPS135	197731	gi|31621188|gb|AF466081.1| Melanochaeta aotearoae strain SMH 1655 large subunit ribosomal RNA gene, partial sequence	-	Melanochaeta aotearoae	-	Melanochaeta_aotearoae	Melanochaeta_aotearoae	new	368150	AF466081.1	-	31621188	None
otuPS134	2175273	gi|1387668206|gb|MH107935.1| Dictyochaeta mimusopis culture CBS:143435 28S ribosomal RNA gene, partial sequence	-	None	-	Dictyochaeta_mimusopis	Dictyochaeta_mimusopis	new	None	MH107935.1	-	1387668206	None
otuPS206	197731	gi|31621189|gb|AF466082.1| Melanochaeta aotearoae strain SMH 3551 large subunit ribosomal RNA gene, partial sequence	-	Melanochaeta aotearoae	-	Melanochaeta_aotearoae	Melanochaeta_aotearoae	seq otuPS206 is supersequence of original seq Tl805469, both kept in alignment 	368150	AF466082.1	-	31621189	None
otuPS159	2081314	gi|1473260473|gb|MH873417.1| Phialoarthrobotryum triseptatum strain CBS 120.84 large subunit ribosomal RNA gene, partial sequence	-	None	-	Phialoarthrobotryum_triseptatum	Phialoarthrobotryum_triseptatum	new	None	MH873417.1	-	1473260473	None
otuPS158	1866870	gi|37992284|gb|AY346292.1| Melanochaeta hemipsila strain SMH2125 28S large subunit ribosomal RNA gene, partial sequence	-	Sporoschisma hemipsila	-	Sporoschisma_hemipsilum	Sporoschisma_hemipsilum	seq otuPS158 is supersequence of otuPS8, otuPS158 added and otuPS8 removed 	6379440	AY346292.1	-	37992284	None
